"Date","Price","Open","High","Low","Vol.","Change %"
"18-07-2025","0.7458","0.7457","0.7460","0.7420","","0.05%"
"17-07-2025","0.7454","0.7452","0.7478","0.7445","","0.05%"
"16-07-2025","0.7450","0.7472","0.7483","0.7414","","-0.29%"
"15-07-2025","0.7472","0.7447","0.7475","0.7424","","0.34%"
"14-07-2025","0.7447","0.7407","0.7450","0.7402","","0.54%"
"11-07-2025","0.7407","0.7370","0.7418","0.7360","","0.56%"
"10-07-2025","0.7366","0.7359","0.7390","0.7342","","0.10%"
"09-07-2025","0.7359","0.7357","0.7373","0.7342","","0.03%"
"08-07-2025","0.7357","0.7353","0.7394","0.7327","","0.05%"
"07-07-2025","0.7353","0.7335","0.7367","0.7316","","0.40%"
"04-07-2025","0.7324","0.7322","0.7335","0.7308","","0.01%"
"03-07-2025","0.7323","0.7333","0.7361","0.7312","","-0.14%"
"02-07-2025","0.7333","0.7275","0.7374","0.7271","","0.80%"
"01-07-2025","0.7275","0.7281","0.7298","0.7252","","-0.08%"
"30-06-2025","0.7281","0.7300","0.7314","0.7277","","-0.14%"
"27-06-2025","0.7291","0.7282","0.7309","0.7271","","0.10%"
"26-06-2025","0.7284","0.7318","0.7324","0.7261","","-0.46%"
"25-06-2025","0.7318","0.7345","0.7359","0.7314","","-0.37%"
"24-06-2025","0.7345","0.7394","0.7404","0.7326","","-0.66%"
"23-06-2025","0.7394","0.7446","0.7480","0.7390","","-0.55%"
"20-06-2025","0.7435","0.7426","0.7440","0.7400","","0.13%"
"19-06-2025","0.7425","0.7447","0.7473","0.7423","","-0.35%"
"18-06-2025","0.7451","0.7445","0.7463","0.7419","","0.05%"
"17-06-2025","0.7447","0.7364","0.7455","0.7361","","1.11%"
"16-06-2025","0.7365","0.7372","0.7390","0.7340","","-0.09%"
"13-06-2025","0.7372","0.7346","0.7399","0.7335","","0.35%"
"12-06-2025","0.7346","0.7378","0.7396","0.7339","","-0.49%"
"11-06-2025","0.7382","0.7409","0.7428","0.7370","","-0.36%"
"10-06-2025","0.7409","0.7377","0.7432","0.7371","","0.39%"
"09-06-2025","0.7380","0.7392","0.7396","0.7362","","-0.19%"
"06-06-2025","0.7394","0.7365","0.7404","0.7360","","0.34%"
"05-06-2025","0.7369","0.7376","0.7386","0.7343","","-0.12%"
"04-06-2025","0.7378","0.7398","0.7407","0.7363","","-0.27%"
"03-06-2025","0.7398","0.7387","0.7412","0.7373","","0.20%"
"02-06-2025","0.7383","0.7431","0.7434","0.7374","","-0.62%"
"30-05-2025","0.7429","0.7413","0.7437","0.7401","","0.22%"
"29-05-2025","0.7413","0.7422","0.7456","0.7403","","-0.16%"
"28-05-2025","0.7425","0.7402","0.7435","0.7394","","0.28%"
"27-05-2025","0.7404","0.7372","0.7408","0.7359","","0.42%"
"26-05-2025","0.7373","0.7398","0.7401","0.7356","","-0.19%"
"23-05-2025","0.7387","0.7452","0.7457","0.7384","","-0.87%"
"22-05-2025","0.7452","0.7452","0.7468","0.7439","","0.00%"
"21-05-2025","0.7452","0.7466","0.7474","0.7424","","-0.19%"
"20-05-2025","0.7466","0.7484","0.7500","0.7465","","-0.24%"
"19-05-2025","0.7484","0.7537","0.7539","0.7460","","-0.65%"
"16-05-2025","0.7533","0.7518","0.7548","0.7499","","0.20%"
"15-05-2025","0.7518","0.7540","0.7543","0.7507","","-0.29%"
"14-05-2025","0.7540","0.7514","0.7546","0.7484","","0.33%"
"13-05-2025","0.7515","0.7590","0.7594","0.7509","","-0.99%"
"12-05-2025","0.7590","0.7530","0.7611","0.7518","","0.98%"
"09-05-2025","0.7516","0.7549","0.7569","0.7505","","-0.44%"
"08-05-2025","0.7549","0.7521","0.7556","0.7486","","0.33%"
"07-05-2025","0.7524","0.7480","0.7531","0.7471","","0.59%"
"06-05-2025","0.7480","0.7522","0.7542","0.7460","","-0.56%"
"05-05-2025","0.7522","0.7534","0.7543","0.7497","","-0.16%"
"02-05-2025","0.7534","0.7529","0.7540","0.7501","","0.07%"
"01-05-2025","0.7529","0.7502","0.7542","0.7492","","0.36%"
"30-04-2025","0.7502","0.7459","0.7514","0.7454","","0.58%"
"29-04-2025","0.7459","0.7444","0.7474","0.7437","","0.26%"
"28-04-2025","0.7440","0.7523","0.7531","0.7437","","-0.93%"
"25-04-2025","0.7510","0.7495","0.7534","0.7493","","0.20%"
"24-04-2025","0.7495","0.7543","0.7546","0.7490","","-0.66%"
"23-04-2025","0.7545","0.7499","0.7557","0.7496","","0.59%"
"22-04-2025","0.7501","0.7476","0.7504","0.7449","","0.35%"
"21-04-2025","0.7475","0.7532","0.7534","0.7449","","-0.59%"
"18-04-2025","0.7519","0.7538","0.7546","0.7518","","-0.24%"
"17-04-2025","0.7538","0.7549","0.7575","0.7533","","-0.18%"
"16-04-2025","0.7551","0.7559","0.7569","0.7522","","-0.09%"
"15-04-2025","0.7558","0.7582","0.7597","0.7545","","-0.30%"
"14-04-2025","0.7581","0.7644","0.7656","0.7574","","-0.82%"
"11-04-2025","0.7644","0.7710","0.7714","0.7607","","-0.85%"
"10-04-2025","0.7709","0.7797","0.7807","0.7694","","-1.19%"
"09-04-2025","0.7802","0.7833","0.7848","0.7773","","-0.39%"
"08-04-2025","0.7833","0.7862","0.7862","0.7803","","-0.36%"
"07-04-2025","0.7861","0.7781","0.7870","0.7731","","1.35%"
"04-04-2025","0.7756","0.7633","0.7781","0.7625","","1.64%"
"03-04-2025","0.7631","0.7688","0.7709","0.7571","","-0.74%"
"02-04-2025","0.7688","0.7740","0.7752","0.7677","","-0.65%"
"01-04-2025","0.7738","0.7741","0.7765","0.7726","","-0.03%"
"31-03-2025","0.7741","0.7736","0.7761","0.7708","","0.21%"
"28-03-2025","0.7724","0.7723","0.7739","0.7710","","0.05%"
"27-03-2025","0.7720","0.7759","0.7770","0.7696","","-0.47%"
"26-03-2025","0.7757","0.7726","0.7768","0.7721","","0.41%"
"25-03-2025","0.7725","0.7738","0.7752","0.7711","","-0.14%"
"24-03-2025","0.7736","0.7747","0.7760","0.7707","","-0.07%"
"21-03-2025","0.7741","0.7712","0.7760","0.7708","","0.41%"
"20-03-2025","0.7710","0.7696","0.7731","0.7683","","0.28%"
"19-03-2025","0.7688","0.7692","0.7720","0.7685","","-0.04%"
"18-03-2025","0.7691","0.7697","0.7722","0.7686","","-0.08%"
"17-03-2025","0.7697","0.7732","0.7738","0.7692","","-0.44%"
"14-03-2025","0.7731","0.7722","0.7746","0.7715","","0.14%"
"13-03-2025","0.7720","0.7714","0.7741","0.7707","","0.11%"
"12-03-2025","0.7712","0.7722","0.7744","0.7699","","-0.09%"
"11-03-2025","0.7719","0.7765","0.7769","0.7712","","-0.57%"
"10-03-2025","0.7763","0.7748","0.7776","0.7723","","0.33%"
"07-03-2025","0.7738","0.7762","0.7767","0.7724","","-0.30%"
"06-03-2025","0.7762","0.7755","0.7773","0.7737","","0.09%"
"05-03-2025","0.7754","0.7816","0.7833","0.7751","","-0.78%"
"04-03-2025","0.7816","0.7875","0.7888","0.7812","","-0.73%"
"03-03-2025","0.7873","0.7945","0.7951","0.7858","","-0.95%"
"28-02-2025","0.7949","0.7937","0.7963","0.7922","","0.17%"
"27-02-2025","0.7935","0.7889","0.7939","0.7880","","0.58%"
"26-02-2025","0.7890","0.7896","0.7915","0.7863","","-0.05%"
"25-02-2025","0.7893","0.7921","0.7933","0.7887","","-0.34%"
"24-02-2025","0.7920","0.7906","0.7930","0.7879","","0.06%"
"21-02-2025","0.7916","0.7894","0.7921","0.7886","","0.31%"
"20-02-2025","0.7891","0.7945","0.7951","0.7891","","-0.67%"
"19-02-2025","0.7945","0.7929","0.7961","0.7910","","0.21%"
"18-02-2025","0.7928","0.7921","0.7948","0.7919","","0.10%"
"17-02-2025","0.7920","0.7945","0.7951","0.7914","","-0.30%"
"14-02-2025","0.7944","0.7958","0.7969","0.7917","","-0.14%"
"13-02-2025","0.7955","0.8032","0.8041","0.7955","","-0.99%"
"12-02-2025","0.8035","0.8035","0.8080","0.8010","","0.03%"
"11-02-2025","0.8033","0.8084","0.8110","0.8028","","-0.61%"
"10-02-2025","0.8082","0.8065","0.8089","0.8049","","0.32%"
"07-02-2025","0.8057","0.8041","0.8081","0.8007","","0.20%"
"06-02-2025","0.8041","0.7996","0.8091","0.7993","","0.56%"
"05-02-2025","0.7996","0.8013","0.8024","0.7967","","-0.22%"
"04-02-2025","0.8013","0.8032","0.8079","0.8003","","-0.23%"
"03-02-2025","0.8031","0.8069","0.8165","0.8028","","-0.44%"
"31-01-2025","0.8067","0.8052","0.8075","0.8017","","0.22%"
"30-01-2025","0.8050","0.8034","0.8061","0.8014","","0.27%"
"29-01-2025","0.8028","0.8040","0.8070","0.8022","","-0.10%"
"28-01-2025","0.8037","0.8002","0.8056","0.7999","","0.44%"
"27-01-2025","0.8001","0.8014","0.8048","0.7984","","-0.10%"
"24-01-2025","0.8010","0.8094","0.8099","0.7998","","-1.06%"
"23-01-2025","0.8095","0.8117","0.8135","0.8080","","-0.28%"
"22-01-2025","0.8118","0.8094","0.8126","0.8079","","0.31%"
"21-01-2025","0.8093","0.8117","0.8178","0.8090","","-0.23%"
"20-01-2025","0.8112","0.8214","0.8224","0.8100","","-1.27%"
"17-01-2025","0.8216","0.8169","0.8224","0.8166","","0.59%"
"16-01-2025","0.8168","0.8167","0.8215","0.8155","","0.04%"
"15-01-2025","0.8165","0.8187","0.8216","0.8125","","-0.25%"
"14-01-2025","0.8185","0.8195","0.8238","0.8162","","-0.11%"
"13-01-2025","0.8194","0.8200","0.8265","0.8189","","0.07%"
"10-01-2025","0.8188","0.8124","0.8203","0.8115","","0.79%"
"09-01-2025","0.8123","0.8090","0.8172","0.8084","","0.43%"
"08-01-2025","0.8089","0.8015","0.8117","0.8003","","0.95%"
"07-01-2025","0.8012","0.7987","0.8016","0.7951","","0.34%"
"06-01-2025","0.7985","0.8050","0.8055","0.7967","","-0.81%"
"03-01-2025","0.8050","0.8077","0.8082","0.8041","","-0.34%"
"02-01-2025","0.8077","0.7990","0.8096","0.7973","","1.11%"
"01-01-2025","0.7988","0.7988","0.7993","0.7978","","-0.02%"
"31-12-2024","0.7990","0.7967","0.7997","0.7955","","0.30%"
"30-12-2024","0.7966","0.7955","0.7997","0.7931","","0.22%"
"27-12-2024","0.7948","0.7983","0.7998","0.7940","","-0.43%"
"26-12-2024","0.7982","0.7967","0.8000","0.7966","","0.24%"
"25-12-2024","0.7963","0.7972","0.7983","0.7961","","-0.06%"
"24-12-2024","0.7967","0.7977","0.7989","0.7951","","-0.10%"
"23-12-2024","0.7976","0.7957","0.7994","0.7943","","0.27%"
"20-12-2024","0.7954","0.7998","0.8017","0.7927","","-0.52%"
"19-12-2024","0.7996","0.7951","0.8004","0.7894","","0.54%"
"18-12-2024","0.7953","0.7865","0.7961","0.7859","","1.09%"
"17-12-2024","0.7867","0.7884","0.7896","0.7855","","-0.23%"
"16-12-2024","0.7885","0.7928","0.7929","0.7874","","-0.48%"
"13-12-2024","0.7923","0.7889","0.7932","0.7884","","0.45%"
"12-12-2024","0.7888","0.7842","0.7896","0.7819","","0.58%"
"11-12-2024","0.7843","0.7830","0.7867","0.7823","","0.16%"
"10-12-2024","0.7830","0.7843","0.7860","0.7825","","-0.16%"
"09-12-2024","0.7843","0.7852","0.7864","0.7813","","-0.05%"
"06-12-2024","0.7846","0.7837","0.7862","0.7805","","0.12%"
"05-12-2024","0.7837","0.7872","0.7879","0.7830","","-0.42%"
"04-12-2024","0.7870","0.7890","0.7919","0.7860","","-0.24%"
"03-12-2024","0.7889","0.7901","0.7915","0.7873","","-0.15%"
"02-12-2024","0.7901","0.7845","0.7926","0.7845","","0.66%"
"29-11-2024","0.7849","0.7884","0.7892","0.7843","","-0.39%"
"28-11-2024","0.7880","0.7887","0.7909","0.7878","","-0.06%"
"27-11-2024","0.7885","0.7955","0.7959","0.7877","","-0.88%"
"26-11-2024","0.7955","0.7955","0.7996","0.7925","","0.02%"
"25-11-2024","0.7954","0.7974","0.7975","0.7927","","-0.31%"
"22-11-2024","0.7978","0.7942","0.8009","0.7939","","0.45%"
"21-11-2024","0.7942","0.7905","0.7953","0.7898","","0.49%"
"20-11-2024","0.7903","0.7888","0.7918","0.7864","","0.23%"
"19-11-2024","0.7885","0.7889","0.7929","0.7879","","0.00%"
"18-11-2024","0.7885","0.7928","0.7931","0.7882","","-0.47%"
"15-11-2024","0.7922","0.7895","0.7939","0.7875","","0.34%"
"14-11-2024","0.7895","0.7870","0.7918","0.7861","","0.36%"
"13-11-2024","0.7867","0.7845","0.7884","0.7831","","0.29%"
"12-11-2024","0.7844","0.7770","0.7863","0.7767","","0.95%"
"11-11-2024","0.7770","0.7742","0.7779","0.7735","","0.43%"
"08-11-2024","0.7737","0.7698","0.7763","0.7697","","0.48%"
"07-11-2024","0.7700","0.7763","0.7768","0.7686","","-0.82%"
"06-11-2024","0.7764","0.7668","0.7792","0.7664","","1.27%"
"05-11-2024","0.7667","0.7718","0.7724","0.7667","","-0.65%"
"04-11-2024","0.7717","0.7709","0.7732","0.7692","","-0.23%"
"01-11-2024","0.7735","0.7753","0.7762","0.7703","","-0.22%"
"31-10-2024","0.7752","0.7715","0.7787","0.7692","","0.49%"
"30-10-2024","0.7714","0.7683","0.7731","0.7666","","0.40%"
"29-10-2024","0.7683","0.7709","0.7718","0.7682","","-0.32%"
"28-10-2024","0.7708","0.7714","0.7729","0.7691","","-0.06%"
"25-10-2024","0.7713","0.7707","0.7719","0.7692","","0.08%"
"24-10-2024","0.7707","0.7740","0.7748","0.7699","","-0.41%"
"23-10-2024","0.7739","0.7702","0.7749","0.7695","","0.48%"
"22-10-2024","0.7702","0.7702","0.7726","0.7683","","0.01%"
"21-10-2024","0.7701","0.7668","0.7707","0.7657","","0.54%"
"18-10-2024","0.7660","0.7686","0.7690","0.7650","","-0.33%"
"17-10-2024","0.7685","0.7698","0.7709","0.7677","","-0.17%"
"16-10-2024","0.7698","0.7649","0.7707","0.7646","","0.64%"
"15-10-2024","0.7649","0.7658","0.7672","0.7631","","-0.10%"
"14-10-2024","0.7657","0.7655","0.7675","0.7650","","0.07%"
"11-10-2024","0.7652","0.7658","0.7669","0.7643","","-0.07%"
"10-10-2024","0.7657","0.7651","0.7680","0.7636","","0.08%"
"09-10-2024","0.7651","0.7631","0.7661","0.7629","","0.26%"
"08-10-2024","0.7631","0.7643","0.7655","0.7625","","-0.14%"
"07-10-2024","0.7642","0.7630","0.7658","0.7613","","0.29%"
"04-10-2024","0.7620","0.7620","0.7652","0.7590","","0.01%"
"03-10-2024","0.7619","0.7537","0.7639","0.7532","","1.10%"
"02-10-2024","0.7536","0.7527","0.7550","0.7515","","0.12%"
"01-10-2024","0.7527","0.7477","0.7555","0.7468","","0.71%"
"30-09-2024","0.7474","0.7481","0.7491","0.7449","","-0.03%"
"27-09-2024","0.7476","0.7454","0.7486","0.7447","","0.30%"
"26-09-2024","0.7454","0.7506","0.7513","0.7443","","-0.68%"
"25-09-2024","0.7505","0.7456","0.7513","0.7446","","0.67%"
"24-09-2024","0.7455","0.7493","0.7502","0.7453","","-0.49%"
"23-09-2024","0.7492","0.7508","0.7549","0.7485","","-0.19%"
"20-09-2024","0.7506","0.7528","0.7538","0.7495","","-0.29%"
"19-09-2024","0.7528","0.7568","0.7604","0.7510","","-0.53%"
"18-09-2024","0.7568","0.7599","0.7602","0.7519","","-0.39%"
"17-09-2024","0.7598","0.7567","0.7608","0.7558","","0.42%"
"16-09-2024","0.7566","0.7620","0.7622","0.7564","","-0.70%"
"13-09-2024","0.7619","0.7619","0.7626","0.7600","","0.00%"
"12-09-2024","0.7619","0.7666","0.7674","0.7617","","-0.61%"
"11-09-2024","0.7666","0.7645","0.7692","0.7626","","0.27%"
"10-09-2024","0.7645","0.7649","0.7664","0.7629","","-0.04%"
"09-09-2024","0.7648","0.7623","0.7653","0.7608","","0.41%"
"06-09-2024","0.7617","0.7589","0.7629","0.7553","","0.40%"
"05-09-2024","0.7587","0.7607","0.7613","0.7583","","-0.24%"
"04-09-2024","0.7605","0.7626","0.7634","0.7589","","-0.25%"
"03-09-2024","0.7624","0.7604","0.7642","0.7604","","0.28%"
"02-09-2024","0.7603","0.7621","0.7623","0.7601","","-0.14%"
"30-08-2024","0.7614","0.7595","0.7629","0.7575","","0.26%"
"29-08-2024","0.7594","0.7581","0.7608","0.7559","","0.18%"
"28-08-2024","0.7580","0.7542","0.7595","0.7539","","0.53%"
"27-08-2024","0.7540","0.7582","0.7588","0.7537","","-0.54%"
"26-08-2024","0.7581","0.7568","0.7588","0.7561","","0.19%"
"23-08-2024","0.7567","0.7640","0.7643","0.7558","","-0.92%"
"22-08-2024","0.7637","0.7638","0.7648","0.7615","","0.00%"
"21-08-2024","0.7637","0.7673","0.7687","0.7622","","-0.43%"
"20-08-2024","0.7670","0.7697","0.7709","0.7661","","-0.34%"
"19-08-2024","0.7696","0.7731","0.7733","0.7693","","-0.36%"
"16-08-2024","0.7724","0.7780","0.7782","0.7724","","-0.71%"
"15-08-2024","0.7779","0.7796","0.7814","0.7768","","-0.21%"
"14-08-2024","0.7795","0.7774","0.7801","0.7770","","0.27%"
"13-08-2024","0.7774","0.7834","0.7837","0.7767","","-0.75%"
"12-08-2024","0.7833","0.7839","0.7846","0.7815","","0.00%"
"09-08-2024","0.7833","0.7845","0.7858","0.7828","","-0.13%"
"08-08-2024","0.7843","0.7880","0.7897","0.7841","","-0.46%"
"07-08-2024","0.7879","0.7879","0.7887","0.7851","","0.01%"
"06-08-2024","0.7878","0.7828","0.7892","0.7810","","0.66%"
"05-08-2024","0.7826","0.7808","0.7869","0.7801","","0.18%"
"02-08-2024","0.7812","0.7848","0.7871","0.7788","","-0.47%"
"01-08-2024","0.7849","0.7778","0.7858","0.7773","","0.91%"
"31-07-2024","0.7778","0.7791","0.7801","0.7773","","-0.15%"
"30-07-2024","0.7790","0.7775","0.7801","0.7771","","0.21%"
"29-07-2024","0.7774","0.7768","0.7810","0.7758","","0.06%"
"26-07-2024","0.7769","0.7781","0.7783","0.7764","","-0.15%"
"25-07-2024","0.7781","0.7748","0.7783","0.7742","","0.44%"
"24-07-2024","0.7747","0.7748","0.7767","0.7729","","0.00%"
"23-07-2024","0.7747","0.7732","0.7761","0.7731","","0.19%"
"22-07-2024","0.7732","0.7745","0.7749","0.7726","","-0.08%"
"19-07-2024","0.7738","0.7725","0.7752","0.7719","","0.17%"
"18-07-2024","0.7725","0.7687","0.7729","0.7684","","0.51%"
"17-07-2024","0.7686","0.7709","0.7713","0.7665","","-0.32%"
"16-07-2024","0.7711","0.7712","0.7730","0.7704","","0.01%"
"15-07-2024","0.7710","0.7696","0.7717","0.7695","","0.19%"
"12-07-2024","0.7695","0.7743","0.7752","0.7695","","-0.61%"
"11-07-2024","0.7742","0.7783","0.7785","0.7723","","-0.50%"
"10-07-2024","0.7781","0.7821","0.7824","0.7782","","-0.49%"
"09-07-2024","0.7819","0.7807","0.7827","0.7796","","0.17%"
"08-07-2024","0.7806","0.7819","0.7820","0.7784","","0.06%"
"05-07-2024","0.7801","0.7837","0.7842","0.7801","","-0.45%"
"04-07-2024","0.7836","0.7848","0.7850","0.7832","","-0.14%"
"03-07-2024","0.7847","0.7889","0.7891","0.7826","","-0.44%"
"02-07-2024","0.7882","0.7906","0.7928","0.7881","","-0.28%"
"01-07-2024","0.7904","0.7909","0.7917","0.7868","","-0.05%"
"28-06-2024","0.7908","0.7912","0.7925","0.7896","","-0.03%"
"27-06-2024","0.7910","0.7923","0.7929","0.7892","","-0.14%"
"26-06-2024","0.7921","0.7883","0.7928","0.7877","","0.49%"
"25-06-2024","0.7882","0.7886","0.7894","0.7872","","0.03%"
"24-06-2024","0.7880","0.7907","0.7917","0.7874","","-0.33%"
"21-06-2024","0.7906","0.7901","0.7923","0.7889","","0.08%"
"20-06-2024","0.7900","0.7862","0.7904","0.7858","","0.51%"
"19-06-2024","0.7860","0.7869","0.7876","0.7849","","-0.09%"
"18-06-2024","0.7867","0.7873","0.7894","0.7861","","-0.04%"
"17-06-2024","0.7870","0.7883","0.7900","0.7867","","-0.13%"
"14-06-2024","0.7880","0.7837","0.7902","0.7834","","0.57%"
"13-06-2024","0.7835","0.7814","0.7851","0.7807","","0.28%"
"12-06-2024","0.7813","0.7848","0.7855","0.7775","","-0.43%"
"11-06-2024","0.7847","0.7855","0.7871","0.7842","","-0.09%"
"10-06-2024","0.7854","0.7860","0.7882","0.7850","","-0.06%"
"07-06-2024","0.7859","0.7818","0.7865","0.7805","","0.54%"
"06-06-2024","0.7817","0.7821","0.7836","0.7806","","-0.03%"
"05-06-2024","0.7819","0.7834","0.7841","0.7815","","-0.18%"
"04-06-2024","0.7833","0.7809","0.7848","0.7801","","0.32%"
"03-06-2024","0.7808","0.7854","0.7878","0.7807","","-0.48%"
"31-05-2024","0.7846","0.7854","0.7875","0.7833","","-0.10%"
"30-05-2024","0.7854","0.7874","0.7887","0.7845","","-0.23%"
"29-05-2024","0.7872","0.7837","0.7875","0.7826","","0.47%"
"28-05-2024","0.7835","0.7832","0.7842","0.7812","","0.05%"
"27-05-2024","0.7831","0.7855","0.7856","0.7826","","-0.23%"
"24-05-2024","0.7849","0.7879","0.7888","0.7842","","-0.30%"
"23-05-2024","0.7873","0.7864","0.7884","0.7845","","0.14%"
"22-05-2024","0.7862","0.7869","0.7875","0.7835","","-0.06%"
"21-05-2024","0.7867","0.7871","0.7883","0.7857","","-0.03%"
"20-05-2024","0.7869","0.7874","0.7883","0.7857","","-0.04%"
"17-05-2024","0.7872","0.7892","0.7909","0.7866","","-0.24%"
"16-05-2024","0.7891","0.7886","0.7910","0.7873","","0.10%"
"15-05-2024","0.7883","0.7942","0.7948","0.7882","","-0.71%"
"14-05-2024","0.7939","0.7963","0.7995","0.7941","","-0.29%"
"13-05-2024","0.7962","0.7986","0.7990","0.7956","","-0.28%"
"10-05-2024","0.7984","0.7985","0.7999","0.7973","","0.01%"
"09-05-2024","0.7983","0.8007","0.8036","0.7982","","-0.22%"
"08-05-2024","0.8001","0.7996","0.8022","0.7986","","0.09%"
"07-05-2024","0.7994","0.7961","0.8000","0.7954","","0.44%"
"06-05-2024","0.7959","0.7971","0.7977","0.7939","","-0.13%"
"03-05-2024","0.7969","0.7978","0.7987","0.7915","","-0.09%"
"02-05-2024","0.7976","0.7983","0.8018","0.7971","","-0.09%"
"01-05-2024","0.7983","0.8005","0.8023","0.7967","","-0.27%"
"30-04-2024","0.8005","0.7961","0.8007","0.7958","","0.58%"
"29-04-2024","0.7959","0.8006","0.8014","0.7955","","-0.56%"
"26-04-2024","0.8004","0.7987","0.8034","0.7973","","0.18%"
"25-04-2024","0.7990","0.8023","0.8033","0.7983","","-0.40%"
"24-04-2024","0.8022","0.8032","0.8051","0.8018","","-0.11%"
"23-04-2024","0.8031","0.8098","0.8110","0.8026","","-0.82%"
"22-04-2024","0.8097","0.8082","0.8132","0.8069","","0.20%"
"19-04-2024","0.8081","0.8041","0.8087","0.8020","","0.50%"
"18-04-2024","0.8041","0.8030","0.8044","0.8009","","0.16%"
"17-04-2024","0.8028","0.8048","0.8054","0.8011","","-0.22%"
"16-04-2024","0.8046","0.8035","0.8062","0.8018","","0.16%"
"15-04-2024","0.8033","0.8031","0.8042","0.8000","","0.04%"
"12-04-2024","0.8030","0.7966","0.8049","0.7962","","0.83%"
"11-04-2024","0.7964","0.7975","0.7994","0.7949","","-0.11%"
"10-04-2024","0.7973","0.7887","0.7988","0.7869","","1.10%"
"09-04-2024","0.7886","0.7902","0.7907","0.7867","","-0.19%"
"08-04-2024","0.7901","0.7913","0.7929","0.7896","","-0.13%"
"05-04-2024","0.7911","0.7910","0.7954","0.7905","","0.03%"
"04-04-2024","0.7909","0.7904","0.7915","0.7884","","0.09%"
"03-04-2024","0.7902","0.7951","0.7961","0.7901","","-0.60%"
"02-04-2024","0.7950","0.7967","0.7976","0.7949","","-0.20%"
"01-04-2024","0.7966","0.7917","0.7976","0.7909","","0.58%"
"29-03-2024","0.7920","0.7922","0.7931","0.7907","","0.00%"
"28-03-2024","0.7920","0.7912","0.7946","0.7902","","0.13%"
"27-03-2024","0.7910","0.7919","0.7934","0.7910","","-0.10%"
"26-03-2024","0.7918","0.7913","0.7924","0.7894","","0.08%"
"25-03-2024","0.7912","0.7937","0.7942","0.7903","","-0.26%"
"22-03-2024","0.7933","0.7901","0.7953","0.7889","","0.42%"
"21-03-2024","0.7900","0.7821","0.7906","0.7810","","1.02%"
"20-03-2024","0.7820","0.7861","0.7885","0.7819","","-0.50%"
"19-03-2024","0.7859","0.7856","0.7895","0.7853","","0.05%"
"18-03-2024","0.7855","0.7854","0.7863","0.7845","","0.10%"
"15-03-2024","0.7847","0.7842","0.7859","0.7837","","0.09%"
"14-03-2024","0.7840","0.7813","0.7856","0.7798","","0.35%"
"13-03-2024","0.7813","0.7817","0.7829","0.7805","","-0.04%"
"12-03-2024","0.7816","0.7804","0.7846","0.7797","","0.17%"
"11-03-2024","0.7803","0.7774","0.7816","0.7772","","0.36%"
"08-03-2024","0.7775","0.7808","0.7813","0.7755","","-0.40%"
"07-03-2024","0.7806","0.7848","0.7861","0.7805","","-0.61%"
"06-03-2024","0.7854","0.7871","0.7881","0.7835","","-0.20%"
"05-03-2024","0.7870","0.7879","0.7893","0.7852","","-0.10%"
"04-03-2024","0.7878","0.7902","0.7906","0.7869","","-0.32%"
"01-03-2024","0.7903","0.7921","0.7937","0.7896","","-0.21%"
"29-02-2024","0.7920","0.7898","0.7930","0.7885","","0.30%"
"28-02-2024","0.7896","0.7884","0.7924","0.7881","","0.19%"
"27-02-2024","0.7881","0.7884","0.7899","0.7875","","0.00%"
"26-02-2024","0.7881","0.7896","0.7902","0.7874","","-0.13%"
"23-02-2024","0.7891","0.7899","0.7907","0.7873","","-0.08%"
"22-02-2024","0.7897","0.7913","0.7930","0.7867","","-0.16%"
"21-02-2024","0.7910","0.7923","0.7936","0.7910","","-0.13%"
"20-02-2024","0.7920","0.7942","0.7951","0.7893","","-0.24%"
"19-02-2024","0.7939","0.7934","0.7948","0.7917","","0.05%"
"16-02-2024","0.7935","0.7937","0.7968","0.7920","","-0.01%"
"15-02-2024","0.7936","0.7958","0.7974","0.7934","","-0.28%"
"14-02-2024","0.7958","0.7940","0.7978","0.7929","","0.23%"
"13-02-2024","0.7940","0.7918","0.7954","0.7884","","0.30%"
"12-02-2024","0.7916","0.7920","0.7934","0.7902","","-0.03%"
"09-02-2024","0.7918","0.7923","0.7938","0.7909","","-0.08%"
"08-02-2024","0.7924","0.7921","0.7955","0.7912","","0.08%"
"07-02-2024","0.7918","0.7938","0.7942","0.7910","","-0.25%"
"06-02-2024","0.7938","0.7977","0.7982","0.7934","","-0.49%"
"05-02-2024","0.7977","0.7916","0.7989","0.7909","","0.78%"
"02-02-2024","0.7915","0.7847","0.7929","0.7829","","0.88%"
"01-02-2024","0.7846","0.7882","0.7922","0.7839","","-0.44%"
"31-01-2024","0.7881","0.7875","0.7901","0.7842","","0.09%"
"30-01-2024","0.7874","0.7868","0.7912","0.7860","","0.09%"
"29-01-2024","0.7867","0.7876","0.7898","0.7862","","-0.06%"
"26-01-2024","0.7872","0.7868","0.7890","0.7837","","0.05%"
"25-01-2024","0.7868","0.7858","0.7886","0.7847","","0.14%"
"24-01-2024","0.7857","0.7881","0.7889","0.7827","","-0.37%"
"23-01-2024","0.7886","0.7869","0.7907","0.7844","","0.23%"
"22-01-2024","0.7868","0.7879","0.7883","0.7853","","-0.05%"
"19-01-2024","0.7872","0.7871","0.7899","0.7864","","0.03%"
"18-01-2024","0.7870","0.7889","0.7907","0.7868","","-0.20%"
"17-01-2024","0.7886","0.7916","0.7939","0.7875","","-0.34%"
"16-01-2024","0.7913","0.7854","0.7925","0.7851","","0.73%"
"15-01-2024","0.7856","0.7844","0.7867","0.7833","","0.20%"
"12-01-2024","0.7840","0.7836","0.7863","0.7821","","0.05%"
"11-01-2024","0.7836","0.7848","0.7881","0.7827","","-0.13%"
"10-01-2024","0.7846","0.7868","0.7884","0.7846","","-0.27%"
"09-01-2024","0.7867","0.7845","0.7881","0.7834","","0.31%"
"08-01-2024","0.7843","0.7861","0.7892","0.7832","","-0.24%"
"05-01-2024","0.7862","0.7885","0.7930","0.7830","","-0.29%"
"04-01-2024","0.7885","0.7896","0.7902","0.7855","","-0.13%"
"03-01-2024","0.7895","0.7927","0.7928","0.7888","","-0.37%"
"02-01-2024","0.7924","0.7856","0.7931","0.7837","","0.89%"
"01-01-2024","0.7854","0.7855","0.7866","0.7842","","0.00%"
"29-12-2023","0.7854","0.7855","0.7875","0.7829","","0.01%"
"28-12-2023","0.7853","0.7813","0.7867","0.7795","","0.54%"
"27-12-2023","0.7811","0.7862","0.7876","0.7810","","-0.56%"
"26-12-2023","0.7855","0.7878","0.7885","0.7854","","-0.29%"
"25-12-2023","0.7878","0.7869","0.7885","0.7857","","0.08%"
"22-12-2023","0.7872","0.7882","0.7891","0.7846","","-0.09%"
"21-12-2023","0.7879","0.7912","0.7930","0.7876","","-0.40%"
"20-12-2023","0.7911","0.7855","0.7922","0.7851","","0.74%"
"19-12-2023","0.7853","0.7909","0.7912","0.7835","","-0.66%"
"18-12-2023","0.7905","0.7888","0.7919","0.7871","","0.25%"
"15-12-2023","0.7885","0.7834","0.7894","0.7817","","0.66%"
"14-12-2023","0.7833","0.7926","0.7930","0.7815","","-1.16%"
"13-12-2023","0.7925","0.7960","0.8001","0.7914","","-0.44%"
"12-12-2023","0.7960","0.7965","0.7992","0.7927","","-0.04%"
"11-12-2023","0.7963","0.7972","0.7980","0.7942","","-0.06%"
"08-12-2023","0.7968","0.7945","0.7999","0.7935","","0.37%"
"07-12-2023","0.7939","0.7962","0.7973","0.7928","","-0.28%"
"06-12-2023","0.7961","0.7938","0.7968","0.7927","","0.28%"
"05-12-2023","0.7939","0.7916","0.7952","0.7904","","0.29%"
"04-12-2023","0.7916","0.7866","0.7935","0.7857","","0.64%"
"01-12-2023","0.7866","0.7922","0.7929","0.7863","","-0.68%"
"30-11-2023","0.7920","0.7876","0.7936","0.7867","","0.56%"
"29-11-2023","0.7876","0.7875","0.7897","0.7853","","0.00%"
"28-11-2023","0.7876","0.7918","0.7933","0.7864","","-0.53%"
"27-11-2023","0.7918","0.7939","0.7943","0.7908","","-0.18%"
"24-11-2023","0.7932","0.7979","0.7986","0.7926","","-0.55%"
"23-11-2023","0.7976","0.8006","0.8008","0.7959","","-0.34%"
"22-11-2023","0.8003","0.7975","0.8034","0.7968","","0.38%"
"21-11-2023","0.7973","0.7996","0.8001","0.7961","","-0.29%"
"20-11-2023","0.7996","0.8029","0.8035","0.7988","","-0.32%"
"17-11-2023","0.8022","0.8055","0.8082","0.8022","","-0.45%"
"16-11-2023","0.8058","0.8052","0.8081","0.8028","","0.07%"
"15-11-2023","0.8052","0.8001","0.8063","0.7998","","0.66%"
"14-11-2023","0.7999","0.8145","0.8154","0.7996","","-1.77%"
"13-11-2023","0.8143","0.8184","0.8189","0.8142","","-0.44%"
"10-11-2023","0.8179","0.8181","0.8206","0.8171","","-0.01%"
"09-11-2023","0.8180","0.8140","0.8189","0.8124","","0.50%"
"08-11-2023","0.8139","0.8130","0.8170","0.8127","","0.11%"
"07-11-2023","0.8130","0.8101","0.8156","0.8096","","0.37%"
"06-11-2023","0.8100","0.8084","0.8106","0.8045","","0.27%"
"03-11-2023","0.8078","0.8198","0.8209","0.8071","","-1.40%"
"02-11-2023","0.8193","0.8230","0.8240","0.8179","","-0.43%"
"01-11-2023","0.8228","0.8228","0.8268","0.8220","","0.01%"
"31-10-2023","0.8227","0.8217","0.8252","0.8196","","0.12%"
"30-10-2023","0.8217","0.8253","0.8272","0.8213","","-0.36%"
"27-10-2023","0.8247","0.8246","0.8261","0.8221","","0.04%"
"26-10-2023","0.8244","0.8256","0.8286","0.8237","","-0.12%"
"25-10-2023","0.8254","0.8220","0.8261","0.8212","","0.38%"
"24-10-2023","0.8223","0.8165","0.8229","0.8137","","0.74%"
"23-10-2023","0.8163","0.8224","0.8236","0.8157","","-0.68%"
"20-10-2023","0.8219","0.8235","0.8270","0.8216","","-0.18%"
"19-10-2023","0.8234","0.8237","0.8272","0.8202","","-0.02%"
"18-10-2023","0.8236","0.8208","0.8240","0.8188","","0.33%"
"17-10-2023","0.8209","0.8186","0.8242","0.8184","","0.31%"
"16-10-2023","0.8184","0.8239","0.8242","0.8183","","-0.58%"
"13-10-2023","0.8232","0.8209","0.8250","0.8179","","0.24%"
"12-10-2023","0.8212","0.8122","0.8216","0.8109","","1.13%"
"11-10-2023","0.8120","0.8139","0.8152","0.8105","","-0.22%"
"10-10-2023","0.8138","0.8171","0.8190","0.8135","","-0.40%"
"09-10-2023","0.8171","0.8179","0.8222","0.8167","","0.02%"
"06-10-2023","0.8169","0.8202","0.8261","0.8155","","-0.39%"
"05-10-2023","0.8201","0.8240","0.8260","0.8199","","-0.51%"
"04-10-2023","0.8243","0.8283","0.8308","0.8212","","-0.43%"
"03-10-2023","0.8279","0.8270","0.8298","0.8263","","0.07%"
"02-10-2023","0.8273","0.8196","0.8274","0.8182","","0.94%"
"29-09-2023","0.8196","0.8197","0.8211","0.8148","","0.00%"
"28-09-2023","0.8196","0.8241","0.8251","0.8180","","-0.52%"
"27-09-2023","0.8239","0.8218","0.8258","0.8218","","0.18%"
"26-09-2023","0.8224","0.8191","0.8229","0.8186","","0.43%"
"25-09-2023","0.8189","0.8166","0.8201","0.8162","","0.24%"
"22-09-2023","0.8169","0.8130","0.8177","0.8130","","0.48%"
"21-09-2023","0.8130","0.8098","0.8173","0.8094","","0.37%"
"20-09-2023","0.8100","0.8070","0.8109","0.8050","","0.40%"
"19-09-2023","0.8068","0.8075","0.8084","0.8048","","-0.07%"
"18-09-2023","0.8074","0.8075","0.8084","0.8057","","-0.01%"
"15-09-2023","0.8075","0.8058","0.8079","0.8034","","0.21%"
"14-09-2023","0.8058","0.8009","0.8067","0.7995","","0.66%"
"13-09-2023","0.8005","0.8006","0.8043","0.7992","","0.01%"
"12-09-2023","0.8004","0.7994","0.8027","0.7979","","0.14%"
"11-09-2023","0.7993","0.8011","0.8019","0.7969","","-0.32%"
"08-09-2023","0.8019","0.8016","0.8032","0.7990","","0.04%"
"07-09-2023","0.8016","0.7996","0.8036","0.7993","","0.28%"
"06-09-2023","0.7994","0.7959","0.8012","0.7944","","0.46%"
"05-09-2023","0.7957","0.7924","0.7982","0.7916","","0.45%"
"04-09-2023","0.7921","0.7945","0.7947","0.7909","","-0.26%"
"01-09-2023","0.7942","0.7891","0.7951","0.7866","","0.68%"
"31-08-2023","0.7888","0.7862","0.7904","0.7852","","0.36%"
"30-08-2023","0.7860","0.7912","0.7925","0.7845","","-0.61%"
"29-08-2023","0.7908","0.7934","0.7961","0.7902","","-0.30%"
"28-08-2023","0.7932","0.7951","0.7958","0.7929","","-0.21%"
"25-08-2023","0.7949","0.7936","0.7970","0.7902","","0.18%"
"24-08-2023","0.7935","0.7855","0.7943","0.7855","","1.02%"
"23-08-2023","0.7855","0.7854","0.7927","0.7834","","0.03%"
"22-08-2023","0.7853","0.7839","0.7863","0.7812","","0.19%"
"21-08-2023","0.7838","0.7854","0.7868","0.7832","","-0.15%"
"18-08-2023","0.7850","0.7846","0.7881","0.7833","","0.08%"
"17-08-2023","0.7844","0.7854","0.7873","0.7820","","-0.11%"
"16-08-2023","0.7853","0.7870","0.7882","0.7832","","-0.22%"
"15-08-2023","0.7870","0.7884","0.7890","0.7841","","-0.15%"
"14-08-2023","0.7882","0.7882","0.7927","0.7864","","0.09%"
"11-08-2023","0.7875","0.7888","0.7896","0.7850","","-0.16%"
"10-08-2023","0.7888","0.7863","0.7894","0.7801","","0.36%"
"09-08-2023","0.7860","0.7845","0.7867","0.7823","","0.22%"
"08-08-2023","0.7843","0.7822","0.7884","0.7820","","0.29%"
"07-08-2023","0.7820","0.7842","0.7866","0.7818","","-0.28%"
"04-08-2023","0.7842","0.7866","0.7881","0.7817","","-0.27%"
"03-08-2023","0.7863","0.7868","0.7923","0.7856","","-0.05%"
"02-08-2023","0.7867","0.7827","0.7887","0.7808","","0.52%"
"01-08-2023","0.7826","0.7789","0.7849","0.7787","","0.48%"
"31-07-2023","0.7789","0.7783","0.7796","0.7768","","0.12%"
"28-07-2023","0.7780","0.7816","0.7836","0.7760","","-0.44%"
"27-07-2023","0.7814","0.7729","0.7824","0.7694","","1.14%"
"26-07-2023","0.7726","0.7751","0.7767","0.7715","","-0.31%"
"25-07-2023","0.7750","0.7795","0.7807","0.7749","","-0.53%"
"24-07-2023","0.7791","0.7776","0.7814","0.7761","","0.18%"
"21-07-2023","0.7777","0.7772","0.7803","0.7749","","0.08%"
"20-07-2023","0.7771","0.7729","0.7789","0.7713","","0.57%"
"19-07-2023","0.7727","0.7668","0.7772","0.7665","","0.74%"
"18-07-2023","0.7670","0.7647","0.7676","0.7618","","0.29%"
"17-07-2023","0.7648","0.7641","0.7663","0.7628","","0.14%"
"14-07-2023","0.7637","0.7615","0.7641","0.7607","","0.33%"
"13-07-2023","0.7612","0.7702","0.7704","0.7610","","-1.12%"
"12-07-2023","0.7698","0.7733","0.7750","0.7691","","-0.44%"
"11-07-2023","0.7732","0.7776","0.7780","0.7731","","-0.55%"
"10-07-2023","0.7775","0.7791","0.7844","0.7770","","-0.17%"
"07-07-2023","0.7788","0.7851","0.7858","0.7782","","-0.78%"
"06-07-2023","0.7849","0.7875","0.7891","0.7824","","-0.28%"
"05-07-2023","0.7871","0.7866","0.7882","0.7852","","0.09%"
"04-07-2023","0.7864","0.7878","0.7885","0.7849","","-0.18%"
"03-07-2023","0.7878","0.7882","0.7901","0.7858","","0.11%"
"30-06-2023","0.7869","0.7925","0.7938","0.7856","","-0.74%"
"29-06-2023","0.7928","0.7914","0.7943","0.7894","","0.20%"
"28-06-2023","0.7912","0.7842","0.7932","0.7841","","0.88%"
"27-06-2023","0.7843","0.7864","0.7873","0.7837","","-0.27%"
"26-06-2023","0.7864","0.7867","0.7882","0.7843","","-0.01%"
"23-06-2023","0.7865","0.7848","0.7883","0.7840","","0.28%"
"22-06-2023","0.7843","0.7831","0.7859","0.7789","","0.17%"
"21-06-2023","0.7830","0.7835","0.7880","0.7811","","-0.03%"
"20-06-2023","0.7832","0.7818","0.7866","0.7808","","0.20%"
"19-06-2023","0.7816","0.7801","0.7831","0.7790","","0.21%"
"16-06-2023","0.7800","0.7824","0.7832","0.7782","","-0.28%"
"15-06-2023","0.7822","0.7895","0.7918","0.7821","","-0.94%"
"14-06-2023","0.7896","0.7929","0.7936","0.7874","","-0.39%"
"13-06-2023","0.7927","0.7997","0.8001","0.7920","","-0.80%"
"12-06-2023","0.7991","0.7954","0.8009","0.7936","","0.47%"
"09-06-2023","0.7954","0.7964","0.7979","0.7942","","-0.13%"
"08-06-2023","0.7964","0.8041","0.8043","0.7960","","-0.92%"
"07-06-2023","0.8038","0.8050","0.8068","0.7999","","-0.11%"
"06-06-2023","0.8047","0.8045","0.8071","0.8026","","0.10%"
"05-06-2023","0.8039","0.8027","0.8086","0.8027","","0.10%"
"02-06-2023","0.8031","0.7984","0.8038","0.7971","","0.64%"
"01-06-2023","0.7980","0.8038","0.8064","0.7974","","-0.71%"
"31-05-2023","0.8037","0.8055","0.8099","0.8036","","-0.22%"
"30-05-2023","0.8055","0.8095","0.8113","0.8034","","-0.48%"
"29-05-2023","0.8094","0.8101","0.8107","0.8082","","-0.07%"
"26-05-2023","0.8100","0.8115","0.8123","0.8067","","-0.18%"
"25-05-2023","0.8115","0.8088","0.8125","0.8073","","0.37%"
"24-05-2023","0.8085","0.8057","0.8093","0.8019","","0.38%"
"23-05-2023","0.8054","0.8041","0.8082","0.8034","","0.17%"
"22-05-2023","0.8040","0.8033","0.8056","0.8017","","0.09%"
"19-05-2023","0.8033","0.8059","0.8070","0.8010","","-0.30%"
"18-05-2023","0.8057","0.8008","0.8071","0.8004","","0.64%"
"17-05-2023","0.8006","0.8007","0.8051","0.7993","","-0.01%"
"16-05-2023","0.8007","0.7986","0.8023","0.7970","","0.33%"
"15-05-2023","0.7981","0.8029","0.8037","0.7977","","-0.55%"
"12-05-2023","0.8025","0.7993","0.8036","0.7974","","0.41%"
"11-05-2023","0.7992","0.7921","0.8003","0.7911","","0.92%"
"10-05-2023","0.7919","0.7924","0.7936","0.7886","","-0.04%"
"09-05-2023","0.7922","0.7926","0.7951","0.7911","","-0.01%"
"08-05-2023","0.7923","0.7911","0.7929","0.7893","","0.10%"
"05-05-2023","0.7915","0.7955","0.7963","0.7903","","-0.49%"
"04-05-2023","0.7954","0.7965","0.7970","0.7937","","-0.04%"
"03-05-2023","0.7957","0.8024","0.8024","0.7943","","-0.80%"
"02-05-2023","0.8021","0.8002","0.8042","0.7991","","0.25%"
"01-05-2023","0.8001","0.7958","0.8013","0.7955","","0.53%"
"28-04-2023","0.7959","0.8007","0.8035","0.7946","","-0.52%"
"27-04-2023","0.8001","0.8022","0.8042","0.7999","","-0.22%"
"26-04-2023","0.8019","0.8059","0.8064","0.7989","","-0.48%"
"25-04-2023","0.8058","0.8013","0.8073","0.7995","","0.64%"
"24-04-2023","0.8007","0.8039","0.8058","0.8008","","-0.44%"
"21-04-2023","0.8042","0.8042","0.8086","0.8033","","0.07%"
"20-04-2023","0.8036","0.8037","0.8062","0.8020","","-0.01%"
"19-04-2023","0.8037","0.8049","0.8070","0.8016","","-0.12%"
"18-04-2023","0.8047","0.8082","0.8086","0.8032","","-0.40%"
"17-04-2023","0.8079","0.8056","0.8096","0.8039","","0.31%"
"14-04-2023","0.8054","0.7986","0.8066","0.7970","","0.88%"
"13-04-2023","0.7984","0.8010","0.8014","0.7975","","-0.32%"
"12-04-2023","0.8010","0.8048","0.8066","0.8003","","-0.46%"
"11-04-2023","0.8047","0.8076","0.8079","0.8027","","-0.33%"
"10-04-2023","0.8074","0.8050","0.8101","0.8036","","0.26%"
"07-04-2023","0.8053","0.8038","0.8071","0.8028","","0.19%"
"06-04-2023","0.8038","0.8027","0.8057","0.8007","","0.17%"
"05-04-2023","0.8024","0.7998","0.8043","0.7990","","0.33%"
"04-04-2023","0.7998","0.8055","0.8068","0.7983","","-0.71%"
"03-04-2023","0.8055","0.8111","0.8148","0.8049","","-0.63%"
"31-03-2023","0.8106","0.8075","0.8114","0.8049","","0.43%"
"30-03-2023","0.8071","0.8122","0.8135","0.8069","","-0.62%"
"29-03-2023","0.8121","0.8102","0.8128","0.8089","","0.23%"
"28-03-2023","0.8102","0.8140","0.8143","0.8097","","-0.44%"
"27-03-2023","0.8138","0.8177","0.8185","0.8134","","-0.45%"
"24-03-2023","0.8175","0.8137","0.8204","0.8134","","0.47%"
"23-03-2023","0.8137","0.8152","0.8156","0.8101","","-0.17%"
"22-03-2023","0.8151","0.8187","0.8192","0.8107","","-0.42%"
"21-03-2023","0.8185","0.8147","0.8211","0.8140","","0.50%"
"20-03-2023","0.8144","0.8192","0.8219","0.8139","","-0.82%"
"17-03-2023","0.8211","0.8258","0.8266","0.8196","","-0.56%"
"16-03-2023","0.8257","0.8287","0.8315","0.8244","","-0.35%"
"15-03-2023","0.8286","0.8224","0.8327","0.8209","","0.75%"
"14-03-2023","0.8224","0.8208","0.8241","0.8194","","0.21%"
"13-03-2023","0.8207","0.8306","0.8306","0.8196","","-1.25%"
"10-03-2023","0.8311","0.8385","0.8398","0.8255","","-0.87%"
"09-03-2023","0.8384","0.8443","0.8453","0.8376","","-0.69%"
"08-03-2023","0.8442","0.8454","0.8472","0.8432","","-0.08%"
"07-03-2023","0.8449","0.8316","0.8460","0.8287","","1.59%"
"06-03-2023","0.8317","0.8308","0.8339","0.8299","","0.16%"
"03-03-2023","0.8304","0.8374","0.8376","0.8299","","-0.81%"
"02-03-2023","0.8372","0.8313","0.8387","0.8307","","0.71%"
"01-03-2023","0.8313","0.8319","0.8358","0.8272","","-0.05%"
"28-02-2023","0.8317","0.8289","0.8321","0.8234","","0.35%"
"27-02-2023","0.8288","0.8363","0.8388","0.8287","","-0.99%"
"24-02-2023","0.8371","0.8325","0.8384","0.8304","","0.59%"
"23-02-2023","0.8322","0.8296","0.8339","0.8281","","0.27%"
"22-02-2023","0.8300","0.8253","0.8309","0.8240","","0.55%"
"21-02-2023","0.8255","0.8306","0.8343","0.8231","","-0.60%"
"20-02-2023","0.8305","0.8299","0.8324","0.8293","","-0.01%"
"17-02-2023","0.8306","0.8335","0.8393","0.8297","","-0.32%"
"16-02-2023","0.8333","0.8314","0.8358","0.8281","","0.26%"
"15-02-2023","0.8311","0.8216","0.8341","0.8209","","1.17%"
"14-02-2023","0.8215","0.8240","0.8253","0.8150","","-0.27%"
"13-02-2023","0.8237","0.8285","0.8313","0.8229","","-0.69%"
"10-02-2023","0.8294","0.8248","0.8301","0.8237","","0.55%"
"09-02-2023","0.8249","0.8284","0.8295","0.8200","","-0.41%"
"08-02-2023","0.8283","0.8303","0.8309","0.8257","","-0.19%"
"07-02-2023","0.8299","0.8317","0.8362","0.8267","","-0.23%"
"06-02-2023","0.8318","0.8305","0.8331","0.8279","","0.29%"
"03-02-2023","0.8294","0.8180","0.8301","0.8152","","1.41%"
"02-02-2023","0.8179","0.8079","0.8183","0.8064","","1.25%"
"01-02-2023","0.8078","0.8118","0.8149","0.8068","","-0.47%"
"31-01-2023","0.8116","0.8097","0.8141","0.8083","","0.26%"
"30-01-2023","0.8095","0.8065","0.8106","0.8052","","0.38%"
"27-01-2023","0.8064","0.8060","0.8101","0.8052","","0.06%"
"26-01-2023","0.8059","0.8064","0.8101","0.8044","","-0.05%"
"25-01-2023","0.8063","0.8111","0.8142","0.8061","97.74K","-0.53%"
"24-01-2023","0.8106","0.8080","0.8156","0.8055","98.03K","0.35%"
"23-01-2023","0.8078","0.8062","0.8115","0.8033","102.17K","0.16%"
"20-01-2023","0.8065","0.8071","0.8108","0.8060","145.74K","-0.06%"
"19-01-2023","0.8070","0.8097","0.8122","0.8065","170.83K","-0.33%"
"18-01-2023","0.8097","0.8137","0.8161","0.8040","164.29K","-0.47%"
"17-01-2023","0.8135","0.8196","0.8218","0.8129","163.73K","-0.79%"
"16-01-2023","0.8200","0.8186","0.8217","0.8136","116.73K","0.33%"
"13-01-2023","0.8173","0.8190","0.8231","0.8164","164.94K","-0.20%"
"12-01-2023","0.8189","0.8234","0.8274","0.8165","132.68K","-0.53%"
"11-01-2023","0.8233","0.8227","0.8266","0.8211","134.96K","0.11%"
"10-01-2023","0.8224","0.8204","0.8259","0.8198","174.95K","0.23%"
"09-01-2023","0.8205","0.8269","0.8274","0.8189","144.30K","-0.75%"
"06-01-2023","0.8267","0.8394","0.8446","0.8264","164.88K","-1.54%"
"05-01-2023","0.8396","0.8296","0.8423","0.8279","135.70K","1.22%"
"04-01-2023","0.8295","0.8357","0.8366","0.8272","181.14K","-0.73%"
"03-01-2023","0.8356","0.8302","0.8404","0.8274","159.16K","0.67%"
"02-01-2023","0.8300","0.8266","0.8310","0.8265","18.45K","0.44%"
"30-12-2022","0.8264","0.8289","0.8327","0.8259","138.54K","-0.35%"
"29-12-2022","0.8293","0.8323","0.8325","0.8279","117.12K","-0.31%"
"28-12-2022","0.8319","0.8315","0.8333","0.8246","106.82K","0.04%"
"27-12-2022","0.8316","0.8290","0.8333","0.8255","117.68K","0.36%"
"26-12-2022","0.8286","0.8303","0.8303","0.8276","5.53K","-0.05%"
"23-12-2022","0.8290","0.8303","0.8321","0.8270","142.07K","-0.14%"
"22-12-2022","0.8302","0.8280","0.8339","0.8231","143.60K","0.34%"
"21-12-2022","0.8274","0.8209","0.8296","0.8201","137.91K","0.82%"
"20-12-2022","0.8207","0.8227","0.8275","0.8180","167.11K","-0.26%"
"19-12-2022","0.8228","0.8231","0.8252","0.8168","140.17K","-0.07%"
"16-12-2022","0.8234","0.8212","0.8252","0.8180","128.31K","0.29%"
"15-12-2022","0.8210","0.8048","0.8227","0.8043","146.24K","2.01%"
"14-12-2022","0.8048","0.8092","0.8103","0.8034","169.32K","-0.54%"
"13-12-2022","0.8092","0.8148","0.8166","0.8035","141.25K","-0.68%"
"12-12-2022","0.8147","0.8164","0.8190","0.8130","126.39K","-0.12%"
"09-12-2022","0.8157","0.8174","0.8193","0.8115","143.35K","-0.18%"
"08-12-2022","0.8172","0.8196","0.8228","0.8164","172.92K","-0.28%"
"07-12-2022","0.8195","0.8240","0.8261","0.8173","178.01K","-0.51%"
"06-12-2022","0.8237","0.8207","0.8247","0.8150","154.38K","0.43%"
"05-12-2022","0.8202","0.8153","0.8224","0.8099","163.69K","0.85%"
"02-12-2022","0.8133","0.8160","0.8241","0.8130","147.27K","-0.42%"
"01-12-2022","0.8167","0.8295","0.8297","0.8123","171.62K","-1.52%"
"30-11-2022","0.8293","0.8368","0.8404","0.8272","189.46K","-0.84%"
"29-11-2022","0.8363","0.8362","0.8373","0.8288","132.09K","0.00%"
"28-11-2022","0.8363","0.8280","0.8376","0.8251","127.43K","1.16%"
"25-11-2022","0.8267","0.8257","0.8294","0.8245","111.45K","0.15%"
"24-11-2022","0.8255","0.8297","0.8301","0.8227","146.88K","-0.48%"
"23-11-2022","0.8295","0.8414","0.8424","0.8277","129.90K","-1.40%"
"22-11-2022","0.8413","0.8457","0.8463","0.8401","137.99K","-0.51%"
"21-11-2022","0.8456","0.8411","0.8491","0.8402","144.30K","0.56%"
"18-11-2022","0.8409","0.8429","0.8434","0.8367","158.53K","-0.21%"
"17-11-2022","0.8427","0.8393","0.8502","0.8362","155.16K","0.38%"
"16-11-2022","0.8395","0.8428","0.8453","0.8373","162.76K","-0.42%"
"15-11-2022","0.8430","0.8510","0.8518","0.8315","172.89K","-0.89%"
"14-11-2022","0.8506","0.8471","0.8541","0.8454","153.74K","0.70%"
"11-11-2022","0.8447","0.8536","0.8586","0.8435","171.21K","-1.03%"
"10-11-2022","0.8535","0.8805","0.8810","0.8523","165.38K","-3.03%"
"09-11-2022","0.8802","0.8664","0.8824","0.8645","156.18K","1.57%"
"08-11-2022","0.8666","0.8686","0.8750","0.8620","154.17K","-0.20%"
"07-11-2022","0.8683","0.8847","0.8858","0.8664","151.66K","-1.18%"
"04-11-2022","0.8787","0.8956","0.8971","0.8785","156.27K","-1.85%"
"03-11-2022","0.8953","0.8775","0.8968","0.8755","140.15K","2.02%"
"02-11-2022","0.8776","0.8707","0.8782","0.8647","130.04K","0.82%"
"01-11-2022","0.8705","0.8718","0.8745","0.8645","131.12K","-0.14%"
"31-10-2022","0.8717","0.8615","0.8727","0.8610","133.83K","1.25%"
"28-10-2022","0.8609","0.8649","0.8694","0.8603","142.25K","-0.42%"
"27-10-2022","0.8645","0.8608","0.8659","0.8586","171.63K","0.55%"
"26-10-2022","0.8598","0.8714","0.8749","0.8592","156.26K","-1.33%"
"25-10-2022","0.8714","0.8865","0.8874","0.8695","145.01K","-1.71%"
"24-10-2022","0.8866","0.8804","0.8884","0.8765","165.56K","0.24%"
"21-10-2022","0.8845","0.8901","0.9042","0.8837","152.17K","-0.54%"
"20-10-2022","0.8893","0.8911","0.8952","0.8821","183.15K","-0.19%"
"19-10-2022","0.8910","0.8834","0.8942","0.8804","163.91K","0.88%"
"18-10-2022","0.8832","0.8805","0.8886","0.8763","180.90K","0.36%"
"17-10-2022","0.8800","0.8947","0.8948","0.8741","159.95K","-1.68%"
"14-10-2022","0.8950","0.8826","0.8968","0.8798","191.90K","1.40%"
"13-10-2022","0.8826","0.9005","0.9045","0.8786","161.87K","-2.04%"
"12-10-2022","0.9010","0.9118","0.9155","0.8981","179.56K","-1.15%"
"11-10-2022","0.9115","0.9045","0.9131","0.8944","171.95K","0.80%"
"10-10-2022","0.9043","0.9023","0.9076","0.8999","182.04K","0.27%"
"07-10-2022","0.9019","0.8959","0.9046","0.8908","155.57K","0.70%"
"06-10-2022","0.8956","0.8828","0.8997","0.8784","175.69K","1.47%"
"05-10-2022","0.8826","0.8714","0.8908","0.8699","174.53K","1.30%"
"04-10-2022","0.8713","0.8831","0.8866","0.8703","162.20K","-1.30%"
"03-10-2022","0.8828","0.8961","0.9022","0.8822","171.98K","-1.44%"
"30-09-2022","0.8957","0.8997","0.9072","0.8900","169.04K","-0.41%"
"29-09-2022","0.8994","0.9186","0.9293","0.8992","170.98K","-2.04%"
"28-09-2022","0.9181","0.9319","0.9489","0.9161","188.63K","-1.45%"
"27-09-2022","0.9316","0.9358","0.9387","0.9225","185.77K","-0.42%"
"26-09-2022","0.9355","0.9210","0.9630","0.9147","180.55K","1.60%"
"23-09-2022","0.9208","0.8882","0.9227","0.8870","155.80K","3.65%"
"22-09-2022","0.8884","0.8874","0.8920","0.8798","168.64K","0.12%"
"21-09-2022","0.8873","0.8787","0.8900","0.8782","132.38K","1.00%"
"20-09-2022","0.8785","0.8748","0.8806","0.8725","123.07K","0.46%"
"19-09-2022","0.8745","0.8759","0.8808","0.8739","97.03K","-0.17%"
"16-09-2022","0.8760","0.8722","0.8811","0.8710","131.06K","0.46%"
"15-09-2022","0.8720","0.8668","0.8726","0.8658","120.85K","0.61%"
"14-09-2022","0.8667","0.8701","0.8712","0.8628","141.98K","-0.37%"
"13-09-2022","0.8699","0.8559","0.8703","0.8518","128.21K","1.66%"
"12-09-2022","0.8557","0.8624","0.8624","0.8539","96.91K","-0.81%"
"09-09-2022","0.8627","0.8692","0.8698","0.8585","136.05K","-0.74%"
"08-09-2022","0.8691","0.8676","0.8727","0.8649","139.02K","0.22%"
"07-09-2022","0.8672","0.8681","0.8769","0.8665","137.87K","-0.10%"
"06-09-2022","0.8681","0.8683","0.8701","0.8613","163.56K","-0.02%"
"05-09-2022","0.8683","0.8682","0.8739","0.8678","119.95K","-0.05%"
"02-09-2022","0.8687","0.8663","0.8700","0.8629","123.34K","0.31%"
"01-09-2022","0.8660","0.8604","0.8697","0.8601","142.43K","0.67%"
"31-08-2022","0.8602","0.8585","0.8623","0.8551","131.39K","0.27%"
"30-08-2022","0.8579","0.8540","0.8606","0.8502","142.39K","0.48%"
"29-08-2022","0.8538","0.8512","0.8586","0.8508","99.48K","0.33%"
"26-08-2022","0.8510","0.8451","0.8524","0.8402","97.49K","0.71%"
"25-08-2022","0.8450","0.8474","0.8487","0.8428","131.80K","-0.26%"
"24-08-2022","0.8472","0.8446","0.8507","0.8445","111.29K","0.26%"
"23-08-2022","0.8450","0.8492","0.8535","0.8419","126.68K","-0.55%"
"22-08-2022","0.8497","0.8458","0.8518","0.8447","134.76K","0.53%"
"19-08-2022","0.8452","0.8383","0.8481","0.8374","138.39K","0.87%"
"18-08-2022","0.8379","0.8300","0.8388","0.8278","137.83K","0.96%"
"17-08-2022","0.8299","0.8268","0.8315","0.8235","122.72K","0.39%"
"16-08-2022","0.8267","0.8295","0.8329","0.8252","122.45K","-0.31%"
"15-08-2022","0.8293","0.8242","0.8300","0.8231","100.76K","0.63%"
"12-08-2022","0.8241","0.8191","0.8265","0.8186","142.63K","0.67%"
"11-08-2022","0.8186","0.8178","0.8210","0.8163","138.26K","0.10%"
"10-08-2022","0.8178","0.8280","0.8289","0.8145","165.16K","-1.17%"
"09-08-2022","0.8275","0.8278","0.8291","0.8243","142.53K","0.00%"
"08-08-2022","0.8275","0.8283","0.8302","0.8238","110.23K","-0.08%"
"05-08-2022","0.8282","0.8224","0.8332","0.8217","130.49K","0.75%"
"04-08-2022","0.8220","0.8235","0.8289","0.8197","134.41K","-0.15%"
"03-08-2022","0.8232","0.8215","0.8266","0.8191","132.37K","0.22%"
"02-08-2022","0.8214","0.8166","0.8226","0.8143","151.41K","0.64%"
"01-08-2022","0.8162","0.8221","0.8227","0.8134","131.53K","-0.68%"
"29-07-2022","0.8218","0.8217","0.8291","0.8166","130.21K","0.09%"
"28-07-2022","0.8211","0.8232","0.8263","0.8202","147.99K","-0.16%"
"27-07-2022","0.8224","0.8313","0.8321","0.8205","116.19K","-1.07%"
"26-07-2022","0.8313","0.8304","0.8360","0.8270","123.95K","0.13%"
"25-07-2022","0.8302","0.8331","0.8362","0.8274","127.09K","-0.32%"
"22-07-2022","0.8329","0.8337","0.8392","0.8289","115.37K","-0.08%"
"21-07-2022","0.8336","0.8357","0.8411","0.8330","139.13K","-0.19%"
"20-07-2022","0.8352","0.8336","0.8367","0.8307","134.64K","0.20%"
"19-07-2022","0.8335","0.8365","0.8387","0.8301","121.65K","-0.33%"
"18-07-2022","0.8363","0.8420","0.8431","0.8309","116.17K","-0.85%"
"15-07-2022","0.8435","0.8459","0.8472","0.8421","130.06K","-0.25%"
"14-07-2022","0.8456","0.8410","0.8505","0.8406","143.91K","0.55%"
"13-07-2022","0.8410","0.8413","0.8456","0.8355","137.09K","0.00%"
"12-07-2022","0.8410","0.8414","0.8471","0.8391","133.90K","0.02%"
"11-07-2022","0.8408","0.8314","0.8429","0.8305","123.85K","1.15%"
"08-07-2022","0.8312","0.8317","0.8391","0.8294","149.01K","-0.05%"
"07-07-2022","0.8316","0.8381","0.8398","0.8312","149.14K","-0.82%"
"06-07-2022","0.8385","0.8362","0.8421","0.8340","158.83K","0.29%"
"05-07-2022","0.8361","0.8259","0.8405","0.8246","147.84K","1.22%"
"04-07-2022","0.8260","0.8261","0.8276","0.8219","113.56K","-0.07%"
"01-07-2022","0.8266","0.8212","0.8351","0.8209","114.76K","0.67%"
"30-06-2022","0.8211","0.8246","0.8271","0.8204","128.65K","-0.41%"
"29-06-2022","0.8245","0.8208","0.8261","0.8187","140.73K","0.46%"
"28-06-2022","0.8207","0.8154","0.8211","0.8135","150.50K","0.67%"
"27-06-2022","0.8152","0.8154","0.8172","0.8108","125.82K","-0.01%"
"24-06-2022","0.8153","0.8157","0.8170","0.8117","114.14K","-0.01%"
"23-06-2022","0.8154","0.8151","0.8218","0.8133","157.82K","0.05%"
"22-06-2022","0.8150","0.8146","0.8223","0.8119","118.99K","0.07%"
"21-06-2022","0.8144","0.8159","0.8169","0.8113","110.09K","-0.21%"
"20-06-2022","0.8161","0.8180","0.8198","0.8142","108.97K","-0.22%"
"17-06-2022","0.8179","0.8095","0.8216","0.8084","162.22K","1.06%"
"16-06-2022","0.8093","0.8211","0.8306","0.8059","176.77K","-1.41%"
"15-06-2022","0.8209","0.8337","0.8344","0.8193","141.57K","-1.49%"
"14-06-2022","0.8333","0.8240","0.8380","0.8191","138.34K","1.09%"
"13-06-2022","0.8243","0.8113","0.8260","0.8112","115.70K","1.54%"
"10-06-2022","0.8118","0.8003","0.8130","0.7988","111.64K","1.44%"
"09-06-2022","0.8003","0.7974","0.8009","0.7963","103.46K","0.38%"
"08-06-2022","0.7973","0.7941","0.7993","0.7937","103.49K","0.39%"
"07-06-2022","0.7942","0.7979","0.8045","0.7936","109.12K","-0.44%"
"06-06-2022","0.7977","0.8004","0.8016","0.7950","99.49K","-0.35%"
"03-06-2022","0.8005","0.7950","0.8011","0.7942","70.95K","0.70%"
"02-06-2022","0.7949","0.8007","0.8020","0.7944","82.72K","-0.69%"
"01-06-2022","0.8004","0.7934","0.8027","0.7925","99.79K","0.88%"
"31-05-2022","0.7934","0.7903","0.7962","0.7901","113.26K","0.39%"
"30-05-2022","0.7903","0.7926","0.7929","0.7898","84.78K","-0.27%"
"27-05-2022","0.7924","0.7937","0.7946","0.7894","107.20K","-0.18%"
"26-05-2022","0.7938","0.7958","0.7968","0.7923","119.10K","-0.24%"
"25-05-2022","0.7957","0.7980","0.8013","0.7942","136.05K","-0.28%"
"24-05-2022","0.7979","0.7944","0.8019","0.7937","123.59K","0.47%"
"23-05-2022","0.7942","0.8014","0.8016","0.7935","107.58K","-0.80%"
"20-05-2022","0.8006","0.8025","0.8041","0.7999","119.18K","-0.21%"
"19-05-2022","0.8023","0.8104","0.8106","0.7984","136.46K","-0.98%"
"18-05-2022","0.8102","0.8004","0.8111","0.7998","122.68K","1.22%"
"17-05-2022","0.8004","0.8119","0.8119","0.7999","126.58K","-1.38%"
"16-05-2022","0.8116","0.8173","0.8186","0.8110","119.22K","-0.45%"
"13-05-2022","0.8153","0.8197","0.8227","0.8152","121.39K","-0.51%"
"12-05-2022","0.8195","0.8156","0.8221","0.8156","155.65K","0.42%"
"11-05-2022","0.8161","0.8114","0.8173","0.8064","131.10K","0.59%"
"10-05-2022","0.8113","0.8109","0.8136","0.8080","136.81K","0.07%"
"09-05-2022","0.8107","0.8105","0.8157","0.8060","105.27K","0.05%"
"06-05-2022","0.8103","0.8088","0.8147","0.8077","136.80K","0.22%"
"05-05-2022","0.8085","0.7922","0.8115","0.7914","133.72K","2.07%"
"04-05-2022","0.7921","0.7999","0.8032","0.7912","107.59K","-0.98%"
"03-05-2022","0.7999","0.8005","0.8020","0.7956","102.01K","-0.05%"
"02-05-2022","0.8003","0.7945","0.8018","0.7937","73.31K","0.64%"
"29-04-2022","0.7952","0.8027","0.8033","0.7927","122.65K","-0.92%"
"28-04-2022","0.8026","0.7965","0.8058","0.7955","107.58K","0.74%"
"27-04-2022","0.7967","0.7952","0.7999","0.7935","103.43K","0.21%"
"26-04-2022","0.7950","0.7848","0.7956","0.7829","121.11K","1.31%"
"25-04-2022","0.7847","0.7776","0.7877","0.7775","131.23K","0.76%"
"22-04-2022","0.7788","0.7674","0.7799","0.7671","113.14K","1.47%"
"21-04-2022","0.7675","0.7652","0.7680","0.7639","142.37K","0.31%"
"20-04-2022","0.7651","0.7693","0.7697","0.7650","120.69K","-0.52%"
"19-04-2022","0.7691","0.7682","0.7705","0.7668","102.18K","0.10%"
"18-04-2022","0.7683","0.7657","0.7690","0.7654","74.66K","0.35%"
"15-04-2022","0.7656","0.7653","0.7665","0.7645","129.16K","0.05%"
"14-04-2022","0.7652","0.7624","0.7673","0.7605","114.53K","0.38%"
"13-04-2022","0.7623","0.7694","0.7709","0.7623","113.52K","-0.87%"
"12-04-2022","0.7690","0.7674","0.7696","0.7660","94.86K","0.20%"
"11-04-2022","0.7675","0.7667","0.7699","0.7658","80.13K","0.04%"
"08-04-2022","0.7672","0.7647","0.7704","0.7642","87.63K","0.31%"
"07-04-2022","0.7648","0.7652","0.7662","0.7629","86.55K","-0.03%"
"06-04-2022","0.7650","0.7644","0.7667","0.7628","98.26K","0.03%"
"05-04-2022","0.7648","0.7625","0.7654","0.7594","83.85K","0.31%"
"04-04-2022","0.7624","0.7626","0.7638","0.7611","96.64K","0.00%"
"01-04-2022","0.7624","0.7612","0.7643","0.7603","143.63K","0.16%"
"31-03-2022","0.7612","0.7615","0.7631","0.7589","100.51K","-0.01%"
"30-03-2022","0.7613","0.7642","0.7644","0.7585","105.37K","-0.31%"
"29-03-2022","0.7637","0.7642","0.7663","0.7598","119.76K","-0.05%"
"28-03-2022","0.7641","0.7582","0.7654","0.7581","94.21K","0.73%"
"25-03-2022","0.7586","0.7579","0.7600","0.7561","94.45K","0.07%"
"24-03-2022","0.7581","0.7573","0.7601","0.7567","91.10K","0.12%"
"23-03-2022","0.7572","0.7540","0.7591","0.7519","93.65K","0.45%"
"22-03-2022","0.7538","0.7593","0.7623","0.7533","106.87K","-0.70%"
"21-03-2022","0.7591","0.7586","0.7619","0.7570","81.58K","0.05%"
"18-03-2022","0.7587","0.7605","0.7629","0.7576","89.04K","-0.24%"
"17-03-2022","0.7605","0.7605","0.7641","0.7568","115.76K","0.04%"
"16-03-2022","0.7602","0.7668","0.7674","0.7596","123.62K","-0.86%"
"15-03-2022","0.7668","0.7691","0.7693","0.7640","123.63K","-0.29%"
"14-03-2022","0.7690","0.7670","0.7692","0.7645","98.68K","0.27%"
"11-03-2022","0.7669","0.7641","0.7677","0.7618","129.48K","0.37%"
"10-03-2022","0.7641","0.7590","0.7645","0.7578","126.60K","0.73%"
"09-03-2022","0.7586","0.7632","0.7642","0.7581","131.40K","-0.58%"
"08-03-2022","0.7630","0.7631","0.7645","0.7607","135.84K","0.00%"
"07-03-2022","0.7630","0.7560","0.7633","0.7546","138.03K","0.94%"
"04-03-2022","0.7559","0.7493","0.7575","0.7487","126.49K","0.95%"
"03-03-2022","0.7488","0.7459","0.7510","0.7452","116.59K","0.42%"
"02-03-2022","0.7457","0.7506","0.7536","0.7458","107.57K","-0.61%"
"01-03-2022","0.7503","0.7451","0.7519","0.7441","122.85K","0.71%"
"28-02-2022","0.7450","0.7459","0.7513","0.7444","119.07K","-0.11%"
"25-02-2022","0.7458","0.7475","0.7482","0.7441","107.71K","-0.21%"
"24-02-2022","0.7474","0.7383","0.7535","0.7380","145.03K","1.25%"
"23-02-2022","0.7382","0.7362","0.7389","0.7341","97.69K","0.33%"
"22-02-2022","0.7358","0.7351","0.7387","0.7350","108.83K","0.08%"
"21-02-2022","0.7352","0.7356","0.7362","0.7331","77.46K","-0.05%"
"18-02-2022","0.7356","0.7345","0.7368","0.7329","101.11K","0.20%"
"17-02-2022","0.7341","0.7361","0.7377","0.7332","113.06K","-0.24%"
"16-02-2022","0.7359","0.7388","0.7393","0.7352","103.84K","-0.35%"
"15-02-2022","0.7385","0.7394","0.7416","0.7370","97.50K","-0.08%"
"14-02-2022","0.7391","0.7373","0.7411","0.7367","101.68K","0.26%"
"11-02-2022","0.7372","0.7378","0.7400","0.7347","116.81K","-0.05%"
"10-02-2022","0.7376","0.7389","0.7395","0.7329","106.85K","-0.16%"
"09-02-2022","0.7388","0.7385","0.7393","0.7358","86.54K","0.07%"
"08-02-2022","0.7383","0.7387","0.7404","0.7372","111.51K","-0.05%"
"07-02-2022","0.7387","0.7391","0.7413","0.7379","103.19K","-0.04%"
"04-02-2022","0.7390","0.7353","0.7406","0.7344","111.26K","0.50%"
"03-02-2022","0.7353","0.7365","0.7387","0.7337","100.83K","-0.14%"
"02-02-2022","0.7363","0.7399","0.7399","0.7359","75.24K","-0.43%"
"01-02-2022","0.7395","0.7437","0.7444","0.7391","80.32K","-0.52%"
"31-01-2022","0.7434","0.7463","0.7471","0.7428","82.36K","-0.34%"
"28-01-2022","0.7459","0.7474","0.7483","0.7444","97.41K","-0.13%"
"27-01-2022","0.7469","0.7427","0.7487","0.7424","99.44K","0.57%"
"26-01-2022","0.7427","0.7409","0.7439","0.7393","95.33K","0.32%"
"25-01-2022","0.7403","0.7414","0.7443","0.7397","118.59K","-0.13%"
"24-01-2022","0.7413","0.7377","0.7441","0.7372","116.44K","0.50%"
"21-01-2022","0.7376","0.7353","0.7383","0.7351","91.67K","0.34%"
"20-01-2022","0.7351","0.7347","0.7361","0.7319","96.41K","0.04%"
"19-01-2022","0.7348","0.7355","0.7360","0.7326","117.67K","-0.10%"
"18-01-2022","0.7355","0.7328","0.7368","0.7319","131.09K","0.38%"
"17-01-2022","0.7327","0.7313","0.7333","0.7304","91.29K","0.21%"
"14-01-2022","0.7312","0.7296","0.7325","0.7276","92.72K","0.23%"
"13-01-2022","0.7295","0.7300","0.7300","0.7272","87.75K","-0.03%"
"12-01-2022","0.7297","0.7336","0.7342","0.7291","73.34K","-0.49%"
"11-01-2022","0.7333","0.7366","0.7375","0.7333","71.29K","-0.42%"
"10-01-2022","0.7364","0.7359","0.7390","0.7350","70.46K","0.10%"
"07-01-2022","0.7357","0.7390","0.7393","0.7354","62.01K","-0.42%"
"06-01-2022","0.7388","0.7377","0.7413","0.7375","92.84K","0.16%"
"05-01-2022","0.7376","0.7389","0.7396","0.7353","59.01K","-0.19%"
"04-01-2022","0.7390","0.7422","0.7431","0.7376","61.26K","-0.42%"
"03-01-2022","0.7421","0.7391","0.7446","0.7384","46.00K","0.43%"
"31-12-2021","0.7389","0.7410","0.7427","0.7380","63.90K","-0.27%"
"30-12-2021","0.7409","0.7413","0.7433","0.7395","53.01K","-0.04%"
"29-12-2021","0.7412","0.7443","0.7458","0.7407","57.86K","-0.40%"
"28-12-2021","0.7442","0.7441","0.7454","0.7428","56.75K","0.05%"
"27-12-2021","0.7438","0.7470","0.7470","0.7438","40.43K","-0.42%"
"24-12-2021","0.7469","0.7460","0.7472","0.7451","91.26K","0.16%"
"23-12-2021","0.7457","0.7489","0.7496","0.7441","73.58K","-0.41%"
"22-12-2021","0.7488","0.7540","0.7553","0.7483","70.28K","-0.62%"
"21-12-2021","0.7535","0.7572","0.7578","0.7534","91.48K","-0.48%"
"20-12-2021","0.7571","0.7550","0.7592","0.7550","91.45K","0.25%"
"17-12-2021","0.7552","0.7507","0.7559","0.7496","97.01K","0.61%"
"16-12-2021","0.7506","0.7542","0.7554","0.7476","92.50K","-0.42%"
"15-12-2021","0.7538","0.7553","0.7592","0.7528","102.77K","-0.19%"
"14-12-2021","0.7552","0.7566","0.7581","0.7543","98.83K","-0.16%"
"13-12-2021","0.7564","0.7555","0.7572","0.7536","97.35K","0.41%"
"10-12-2021","0.7533","0.7565","0.7584","0.7532","100.66K","-0.40%"
"09-12-2021","0.7563","0.7573","0.7593","0.7562","116.31K","-0.07%"
"08-12-2021","0.7568","0.7551","0.7595","0.7540","142.59K","0.25%"
"07-12-2021","0.7549","0.7539","0.7571","0.7524","135.32K","0.16%"
"06-12-2021","0.7537","0.7551","0.7566","0.7526","128.38K","-0.25%"
"03-12-2021","0.7556","0.7514","0.7571","0.7513","94.96K","0.57%"
"02-12-2021","0.7513","0.7531","0.7535","0.7499","103.15K","-0.21%"
"01-12-2021","0.7529","0.7519","0.7541","0.7489","128.91K","0.15%"
"30-11-2021","0.7518","0.7511","0.7579","0.7478","150.98K","0.11%"
"29-11-2021","0.7510","0.7495","0.7527","0.7483","97.95K","0.19%"
"26-11-2021","0.7496","0.7508","0.7532","0.7480","139.72K","-0.12%"
"25-11-2021","0.7505","0.7503","0.7516","0.7488","111.60K","0.05%"
"24-11-2021","0.7501","0.7475","0.7510","0.7468","104.41K","0.37%"
"23-11-2021","0.7473","0.7466","0.7496","0.7457","129.43K","0.12%"
"22-11-2021","0.7464","0.7432","0.7472","0.7430","150.09K","0.43%"
"19-11-2021","0.7432","0.7413","0.7459","0.7402","88.66K","0.30%"
"18-11-2021","0.7410","0.7416","0.7428","0.7399","116.35K","-0.08%"
"17-11-2021","0.7416","0.7446","0.7465","0.7409","121.08K","-0.39%"
"16-11-2021","0.7445","0.7450","0.7460","0.7422","109.76K","-0.07%"
"15-11-2021","0.7450","0.7450","0.7461","0.7434","97.67K","-0.04%"
"12-11-2021","0.7453","0.7478","0.7489","0.7448","81.83K","-0.32%"
"11-11-2021","0.7477","0.7460","0.7487","0.7444","89.87K","0.24%"
"10-11-2021","0.7459","0.7376","0.7463","0.7372","99.28K","1.13%"
"09-11-2021","0.7376","0.7375","0.7394","0.7348","89.53K","0.04%"
"08-11-2021","0.7373","0.7409","0.7435","0.7363","87.13K","-0.46%"
"05-11-2021","0.7407","0.7408","0.7450","0.7402","85.56K","0.00%"
"04-11-2021","0.7407","0.7307","0.7423","0.7300","125.76K","1.38%"
"03-11-2021","0.7306","0.7347","0.7350","0.7303","113.14K","-0.50%"
"02-11-2021","0.7343","0.7313","0.7350","0.7310","109.83K","0.36%"
"01-11-2021","0.7317","0.7309","0.7331","0.7302","87.06K","0.21%"
"29-10-2021","0.7302","0.7252","0.7317","0.7244","108.78K","0.70%"
"28-10-2021","0.7251","0.7274","0.7288","0.7238","119.17K","-0.29%"
"27-10-2021","0.7272","0.7263","0.7295","0.7256","92.41K","0.14%"
"26-10-2021","0.7262","0.7263","0.7269","0.7231","89.38K","0.00%"
"25-10-2021","0.7262","0.7270","0.7278","0.7250","94.28K","-0.11%"
"22-10-2021","0.7270","0.7251","0.7281","0.7238","94.53K","0.29%"
"21-10-2021","0.7249","0.7234","0.7259","0.7228","75.43K","0.22%"
"20-10-2021","0.7233","0.7250","0.7277","0.7228","73.40K","-0.19%"
"19-10-2021","0.7247","0.7284","0.7288","0.7228","70.20K","-0.51%"
"18-10-2021","0.7284","0.7272","0.7295","0.7264","71.25K","0.18%"
"15-10-2021","0.7271","0.7313","0.7317","0.7260","77.26K","-0.56%"
"14-10-2021","0.7312","0.7322","0.7324","0.7281","64.98K","-0.11%"
"13-10-2021","0.7320","0.7360","0.7366","0.7318","102.38K","-0.52%"
"12-10-2021","0.7358","0.7353","0.7370","0.7332","77.18K","0.05%"
"11-10-2021","0.7354","0.7346","0.7362","0.7313","72.59K","0.12%"
"08-10-2021","0.7345","0.7344","0.7363","0.7323","71.34K","0.04%"
"07-10-2021","0.7342","0.7365","0.7370","0.7332","82.76K","-0.27%"
"06-10-2021","0.7362","0.7336","0.7383","0.7333","97.32K","0.37%"
"05-10-2021","0.7335","0.7347","0.7362","0.7327","106.70K","-0.15%"
"04-10-2021","0.7346","0.7382","0.7390","0.7331","76.19K","-0.47%"
"01-10-2021","0.7381","0.7423","0.7444","0.7366","84.26K","-0.54%"
"30-09-2021","0.7421","0.7449","0.7454","0.7397","102.46K","-0.32%"
"29-09-2021","0.7445","0.7388","0.7456","0.7377","92.53K","0.79%"
"28-09-2021","0.7387","0.7301","0.7397","0.7290","102.67K","1.21%"
"27-09-2021","0.7299","0.7310","0.7322","0.7284","72.45K","-0.18%"
"24-09-2021","0.7312","0.7289","0.7322","0.7280","67.18K","0.32%"
"23-09-2021","0.7289","0.7338","0.7347","0.7272","84.94K","-0.65%"
"22-09-2021","0.7337","0.7322","0.7349","0.7305","92.18K","0.25%"
"21-09-2021","0.7319","0.7321","0.7331","0.7303","80.11K","-0.01%"
"20-09-2021","0.7320","0.7275","0.7332","0.7270","72.88K","0.62%"
"17-09-2021","0.7275","0.7251","0.7285","0.7240","63.33K","0.33%"
"16-09-2021","0.7251","0.7226","0.7266","0.7219","80.76K","0.35%"
"15-09-2021","0.7226","0.7242","0.7251","0.7218","72.34K","-0.19%"
"14-09-2021","0.7240","0.7229","0.7245","0.7187","80.89K","0.21%"
"13-09-2021","0.7225","0.7224","0.7248","0.7219","66.89K","0.01%"
"10-09-2021","0.7224","0.7227","0.7233","0.7200","87.07K","-0.03%"
"09-09-2021","0.7226","0.7263","0.7272","0.7213","77.78K","-0.47%"
"08-09-2021","0.7260","0.7255","0.7286","0.7251","90.54K","0.11%"
"07-09-2021","0.7252","0.7228","0.7264","0.7217","90.30K","0.36%"
"06-09-2021","0.7226","0.7213","0.7237","0.7209","55.60K","0.21%"
"03-09-2021","0.7211","0.7230","0.7237","0.7198","75.91K","-0.22%"
"02-09-2021","0.7227","0.7259","0.7264","0.7225","69.72K","-0.47%"
"01-09-2021","0.7261","0.7271","0.7283","0.7246","78.11K","-0.10%"
"31-08-2021","0.7268","0.7267","0.7277","0.7243","70.64K","0.03%"
"30-08-2021","0.7266","0.7269","0.7282","0.7259","44.80K","-0.01%"
"27-08-2021","0.7267","0.7300","0.7310","0.7256","83.31K","-0.42%"
"26-08-2021","0.7298","0.7267","0.7306","0.7262","68.49K","0.44%"
"25-08-2021","0.7266","0.7284","0.7301","0.7264","55.36K","-0.23%"
"24-08-2021","0.7283","0.7290","0.7303","0.7273","45.55K","-0.07%"
"23-08-2021","0.7288","0.7335","0.7347","0.7282","57.38K","-0.71%"
"20-08-2021","0.7340","0.7330","0.7352","0.7326","79.73K","0.14%"
"19-08-2021","0.7330","0.7269","0.7336","0.7267","83.10K","0.85%"
"18-08-2021","0.7268","0.7278","0.7286","0.7253","66.34K","-0.12%"
"17-08-2021","0.7277","0.7220","0.7286","0.7218","62.92K","0.82%"
"16-08-2021","0.7218","0.7226","0.7232","0.7205","67.81K","0.10%"
"13-08-2021","0.7211","0.7243","0.7252","0.7207","57.91K","-0.43%"
"12-08-2021","0.7242","0.7208","0.7250","0.7205","67.28K","0.49%"
"11-08-2021","0.7207","0.7223","0.7245","0.7200","63.28K","-0.21%"
"10-08-2021","0.7222","0.7222","0.7232","0.7208","105.05K","0.01%"
"09-08-2021","0.7221","0.7205","0.7225","0.7197","60.13K","0.19%"
"06-08-2021","0.7207","0.7179","0.7215","0.7176","61.23K","0.40%"
"05-08-2021","0.7178","0.7200","0.7209","0.7169","72.27K","-0.28%"
"04-08-2021","0.7198","0.7186","0.7202","0.7164","68.92K","0.18%"
"03-08-2021","0.7185","0.7203","0.7206","0.7174","68.42K","-0.24%"
"02-08-2021","0.7202","0.7194","0.7208","0.7177","61.06K","0.14%"
"30-07-2021","0.7192","0.7163","0.7201","0.7151","75.01K","0.43%"
"29-07-2021","0.7161","0.7194","0.7197","0.7152","82.28K","-0.44%"
"28-07-2021","0.7193","0.7204","0.7223","0.7189","85.54K","-0.15%"
"27-07-2021","0.7204","0.7237","0.7265","0.7197","74.75K","-0.43%"
"26-07-2021","0.7235","0.7271","0.7280","0.7229","61.79K","-0.55%"
"23-07-2021","0.7275","0.7264","0.7289","0.7257","73.00K","0.19%"
"22-07-2021","0.7261","0.7292","0.7305","0.7253","85.60K","-0.43%"
"21-07-2021","0.7292","0.7337","0.7358","0.7287","80.09K","-0.61%"
"20-07-2021","0.7337","0.7311","0.7369","0.7305","105.79K","0.34%"
"19-07-2021","0.7312","0.7253","0.7324","0.7253","107.27K","0.69%"
"16-07-2021","0.7262","0.7231","0.7268","0.7214","91.75K","0.44%"
"15-07-2021","0.7230","0.7216","0.7244","0.7195","89.85K","0.22%"
"14-07-2021","0.7214","0.7239","0.7246","0.7198","77.33K","-0.33%"
"13-07-2021","0.7238","0.7202","0.7247","0.7191","72.88K","0.49%"
"12-07-2021","0.7203","0.7193","0.7226","0.7189","103.70K","0.14%"
"09-07-2021","0.7193","0.7252","0.7270","0.7190","95.00K","-0.83%"
"08-07-2021","0.7253","0.7246","0.7278","0.7243","95.92K","0.12%"
"07-07-2021","0.7244","0.7246","0.7271","0.7224","88.32K","0.00%"
"06-07-2021","0.7244","0.7223","0.7261","0.7195","118.64K","0.32%"
"05-07-2021","0.7221","0.7235","0.7237","0.7214","63.13K","-0.11%"
"02-07-2021","0.7229","0.7263","0.7282","0.7223","68.92K","-0.45%"
"01-07-2021","0.7262","0.7231","0.7272","0.7228","73.04K","0.44%"
"30-06-2021","0.7230","0.7226","0.7247","0.7208","79.70K","0.06%"
"29-06-2021","0.7226","0.7202","0.7240","0.7200","76.32K","0.35%"
"28-06-2021","0.7201","0.7203","0.7210","0.7174","62.73K","-0.06%"
"25-06-2021","0.7205","0.7182","0.7210","0.7176","76.60K","0.33%"
"24-06-2021","0.7181","0.7162","0.7200","0.7149","87.53K","0.29%"
"23-06-2021","0.7160","0.7170","0.7183","0.7141","73.85K","-0.11%"
"22-06-2021","0.7168","0.7178","0.7215","0.7161","82.44K","-0.10%"
"21-06-2021","0.7175","0.7241","0.7254","0.7175","96.82K","-0.90%"
"18-06-2021","0.7240","0.7184","0.7251","0.7171","120.81K","0.81%"
"17-06-2021","0.7182","0.7149","0.7197","0.7138","94.65K","0.48%"
"16-06-2021","0.7148","0.7100","0.7152","0.7076","76.37K","0.69%"
"15-06-2021","0.7099","0.7086","0.7126","0.7078","76.88K","0.18%"
"14-06-2021","0.7086","0.7083","0.7108","0.7080","79.88K","-0.03%"
"11-06-2021","0.7088","0.7054","0.7095","0.7049","67.91K","0.51%"
"10-06-2021","0.7052","0.7082","0.7106","0.7053","75.89K","-0.41%"
"09-06-2021","0.7081","0.7063","0.7088","0.7047","72.80K","0.25%"
"08-06-2021","0.7063","0.7051","0.7082","0.7049","84.79K","0.17%"
"07-06-2021","0.7051","0.7057","0.7087","0.7047","77.00K","-0.17%"
"04-06-2021","0.7063","0.7090","0.7101","0.7042","77.79K","-0.35%"
"03-06-2021","0.7088","0.7057","0.7099","0.7040","80.11K","0.45%"
"02-06-2021","0.7056","0.7066","0.7087","0.7050","106.17K","-0.14%"
"01-06-2021","0.7066","0.7036","0.7069","0.7018","94.85K","0.44%"
"31-05-2021","0.7035","0.7052","0.7061","0.7033","90.78K","-0.17%"
"28-05-2021","0.7047","0.7039","0.7075","0.7036","96.02K","0.13%"
"27-05-2021","0.7038","0.7082","0.7097","0.7032","134.05K","-0.61%"
"26-05-2021","0.7081","0.7066","0.7087","0.7054","121.07K","0.24%"
"25-05-2021","0.7064","0.7064","0.7085","0.7037","117.47K","0.01%"
"24-05-2021","0.7063","0.7063","0.7087","0.7056","96.11K","-0.06%"
"21-05-2021","0.7067","0.7047","0.7073","0.7025","109.27K","0.30%"
"20-05-2021","0.7046","0.7087","0.7092","0.7046","104.67K","-0.54%"
"19-05-2021","0.7084","0.7048","0.7093","0.7042","119.30K","0.53%"
"18-05-2021","0.7047","0.7077","0.7078","0.7032","117.28K","-0.37%"
"17-05-2021","0.7073","0.7097","0.7104","0.7069","79.54K","-0.27%"
"14-05-2021","0.7092","0.7117","0.7125","0.7086","83.05K","-0.32%"
"13-05-2021","0.7115","0.7115","0.7141","0.7103","98.87K","0.01%"
"12-05-2021","0.7114","0.7072","0.7118","0.7065","92.48K","0.62%"
"11-05-2021","0.7070","0.7084","0.7091","0.7059","115.05K","-0.11%"
"10-05-2021","0.7078","0.7153","0.7154","0.7063","111.01K","-1.08%"
"07-05-2021","0.7155","0.7201","0.7202","0.7140","87.18K","-0.61%"
"06-05-2021","0.7199","0.7193","0.7218","0.7173","99.70K","0.11%"
"05-05-2021","0.7191","0.7201","0.7208","0.7181","106.07K","-0.13%"
"04-05-2021","0.7200","0.7189","0.7227","0.7186","97.26K","0.17%"
"03-05-2021","0.7188","0.7232","0.7247","0.7178","70.32K","-0.68%"
"30-04-2021","0.7237","0.7173","0.7246","0.7164","99.94K","0.91%"
"29-04-2021","0.7172","0.7175","0.7178","0.7155","81.01K","-0.06%"
"28-04-2021","0.7176","0.7186","0.7215","0.7168","87.78K","-0.14%"
"27-04-2021","0.7186","0.7196","0.7217","0.7182","104.31K","-0.10%"
"26-04-2021","0.7193","0.7208","0.7212","0.7179","102.41K","-0.18%"
"23-04-2021","0.7206","0.7227","0.7229","0.7196","84.97K","-0.26%"
"22-04-2021","0.7225","0.7178","0.7234","0.7168","99.28K","0.65%"
"21-04-2021","0.7178","0.7175","0.7202","0.7168","94.24K","0.06%"
"20-04-2021","0.7174","0.7150","0.7181","0.7138","94.45K","0.36%"
"19-04-2021","0.7148","0.7232","0.7242","0.7146","85.10K","-1.12%"
"16-04-2021","0.7229","0.7255","0.7291","0.7223","102.94K","-0.32%"
"15-04-2021","0.7252","0.7256","0.7267","0.7242","107.07K","-0.06%"
"14-04-2021","0.7256","0.7273","0.7274","0.7242","96.45K","-0.22%"
"13-04-2021","0.7272","0.7278","0.7303","0.7262","94.40K","-0.05%"
"12-04-2021","0.7276","0.7294","0.7316","0.7258","94.70K","-0.23%"
"09-04-2021","0.7293","0.7281","0.7316","0.7272","88.88K","0.18%"
"08-04-2021","0.7280","0.7280","0.7290","0.7256","99.94K","0.01%"
"07-04-2021","0.7279","0.7233","0.7287","0.7225","121.47K","0.65%"
"06-04-2021","0.7232","0.7193","0.7246","0.7184","96.11K","0.53%"
"05-04-2021","0.7194","0.7232","0.7240","0.7187","71.84K","-0.47%"
"02-04-2021","0.7228","0.7230","0.7240","0.7218","76.45K","0.00%"
"01-04-2021","0.7228","0.7256","0.7275","0.7227","128.66K","-0.36%"
"31-03-2021","0.7254","0.7278","0.7291","0.7240","126.68K","-0.30%"
"30-03-2021","0.7276","0.7266","0.7297","0.7255","102.53K","0.17%"
"29-03-2021","0.7264","0.7250","0.7270","0.7221","116.60K","0.17%"
"26-03-2021","0.7252","0.7283","0.7284","0.7240","98.14K","-0.38%"
"25-03-2021","0.7280","0.7306","0.7316","0.7275","110.06K","-0.33%"
"24-03-2021","0.7304","0.7272","0.7313","0.7266","120.60K","0.45%"
"23-03-2021","0.7271","0.7213","0.7278","0.7211","116.00K","0.82%"
"22-03-2021","0.7212","0.7212","0.7238","0.7206","90.38K","0.06%"
"19-03-2021","0.7208","0.7182","0.7231","0.7164","123.96K","0.38%"
"18-03-2021","0.7181","0.7159","0.7196","0.7141","130.08K","0.29%"
"17-03-2021","0.7160","0.7199","0.7220","0.7158","117.16K","-0.51%"
"16-03-2021","0.7197","0.7195","0.7242","0.7191","103.42K","0.01%"
"15-03-2021","0.7196","0.7184","0.7220","0.7168","120.67K","0.22%"
"12-03-2021","0.7180","0.7148","0.7214","0.7140","138.38K","0.48%"
"11-03-2021","0.7146","0.7178","0.7185","0.7145","127.05K","-0.43%"
"10-03-2021","0.7177","0.7198","0.7223","0.7174","139.42K","-0.26%"
"09-03-2021","0.7196","0.7232","0.7246","0.7181","158.39K","-0.50%"
"08-03-2021","0.7232","0.7227","0.7247","0.7212","157.66K","0.12%"
"05-03-2021","0.7223","0.7196","0.7257","0.7191","150.38K","0.39%"
"04-03-2021","0.7195","0.7166","0.7205","0.7134","167.34K","0.42%"
"03-03-2021","0.7165","0.7167","0.7184","0.7139","153.09K","0.00%"
"02-03-2021","0.7165","0.7182","0.7216","0.7155","151.91K","-0.21%"
"01-03-2021","0.7180","0.7174","0.7192","0.7143","162.24K","0.06%"
"26-02-2021","0.7176","0.7135","0.7201","0.7129","177.74K","0.59%"
"25-02-2021","0.7134","0.7075","0.7143","0.7051","189.69K","0.89%"
"24-02-2021","0.7071","0.7087","0.7102","0.7024","137.04K","-0.20%"
"23-02-2021","0.7085","0.7111","0.7115","0.7084","146.31K","-0.34%"
"22-02-2021","0.7109","0.7135","0.7153","0.7099","121.01K","-0.35%"
"19-02-2021","0.7134","0.7156","0.7168","0.7125","139.06K","-0.27%"
"18-02-2021","0.7153","0.7218","0.7226","0.7150","152.92K","-0.91%"
"17-02-2021","0.7219","0.7192","0.7232","0.7188","183.52K","0.38%"
"16-02-2021","0.7192","0.7193","0.7211","0.7167","169.93K","0.01%"
"15-02-2021","0.7191","0.7222","0.7222","0.7184","123.97K","-0.44%"
"12-02-2021","0.7223","0.7238","0.7260","0.7213","137.72K","-0.19%"
"11-02-2021","0.7237","0.7230","0.7246","0.7215","161.07K","0.14%"
"10-02-2021","0.7227","0.7238","0.7246","0.7211","190.91K","-0.14%"
"09-02-2021","0.7237","0.7278","0.7281","0.7235","157.83K","-0.55%"
"08-02-2021","0.7277","0.7284","0.7310","0.7273","138.28K","-0.04%"
"05-02-2021","0.7280","0.7314","0.7321","0.7277","151.92K","-0.45%"
"04-02-2021","0.7313","0.7328","0.7371","0.7300","143.31K","-0.19%"
"03-02-2021","0.7327","0.7319","0.7343","0.7308","133.04K","0.15%"
"02-02-2021","0.7316","0.7319","0.7347","0.7293","146.96K","-0.03%"
"01-02-2021","0.7318","0.7292","0.7323","0.7268","150.34K","0.27%"
"29-01-2021","0.7298","0.7289","0.7323","0.7272","186.22K","0.15%"
"28-01-2021","0.7287","0.7306","0.7337","0.7274","184.08K","-0.26%"
"27-01-2021","0.7306","0.7281","0.7322","0.7267","166.19K","0.40%"
"26-01-2021","0.7277","0.7313","0.7348","0.7275","124.38K","-0.48%"
"25-01-2021","0.7312","0.7310","0.7327","0.7286","139.69K","0.08%"
"22-01-2021","0.7306","0.7282","0.7335","0.7279","172.62K","0.34%"
"21-01-2021","0.7281","0.7324","0.7326","0.7275","176.07K","-0.56%"
"20-01-2021","0.7322","0.7337","0.7341","0.7289","159.64K","-0.19%"
"19-01-2021","0.7336","0.7361","0.7368","0.7333","152.49K","-0.31%"
"18-01-2021","0.7359","0.7356","0.7397","0.7351","133.84K","0.01%"
"15-01-2021","0.7358","0.7306","0.7369","0.7300","154.81K","0.74%"
"14-01-2021","0.7304","0.7331","0.7345","0.7293","159.67K","-0.37%"
"13-01-2021","0.7331","0.7318","0.7347","0.7299","156.79K","0.21%"
"12-01-2021","0.7316","0.7399","0.7406","0.7315","156.36K","-1.10%"
"11-01-2021","0.7397","0.7371","0.7434","0.7370","149.56K","0.35%"
"08-01-2021","0.7371","0.7372","0.7387","0.7333","139.69K","0.01%"
"07-01-2021","0.7370","0.7349","0.7390","0.7335","157.30K","0.31%"
"06-01-2021","0.7347","0.7339","0.7387","0.7314","150.62K","0.12%"
"05-01-2021","0.7338","0.7368","0.7378","0.7330","155.21K","-0.39%"
"04-01-2021","0.7367","0.7318","0.7385","0.7297","131.66K","0.74%"
"01-01-2021","0.7313","0.7314","0.7314","0.7308","1.45K","0.03%"